pk_model,scenario,auc_ratio,cmax_ratio,config,analysis_model,n_trials,n_pass,pass_pct,lo,hi,diff_vs_M0_pp,diff_lo,diff_hi
k2016,F097,0.952069739554753,0.965269785236406,AUCinf_true_only,M0,10000,9806,98.06,97.7706372066456,98.3124528699649,,,
k2016,F097,0.952069739554753,0.965269785236406,AUCinf_true_only,M1,10000,9836,98.36,98.0918546363793,98.5910050412089,0.3,0.192804139874998,0.407195860125002
k2016,F097,0.952069739554753,0.965269785236406,AUCinf_true_only,M2,10000,9861,98.61,98.361155048191,98.8215126302118,0.55,0.378343437679891,0.721656562320109
k2016,F097,0.952069739554753,0.965269785236406,AUClast_only,M0,10000,9686,96.86,96.4997877655497,97.1842239071506,,,
k2016,F097,0.952069739554753,0.965269785236406,AUClast_only,M1,10000,9712,97.12,96.7736775890728,97.4301344044746,0.26,0.156408544969813,0.363591455030187
k2016,F097,0.952069739554753,0.965269785236406,AUClast_only,M2,10000,9735,97.35,97.0165502723387,97.6470850819583,0.49,0.297195346275309,0.682804653724691
k2016,F097,0.952069739554753,0.965269785236406,F3A,M0,10000,9476,94.76,94.3058146449389,95.1798098209181,,,
k2016,F097,0.952069739554753,0.965269785236406,F3A,M1,10000,9541,95.41,94.9821126397121,95.8030126282631,0.65,0.461408319166807,0.838591680833193
k2016,F097,0.952069739554753,0.965269785236406,F3A,M2,10000,9574,95.74,95.326300641954,96.1185711870965,0.98,0.725162089785077,1.23483791021492
k2016,F097,0.952069739554753,0.965269785236406,F3B,M0,10000,9663,96.63,96.2580220742288,96.9661662377219,,,
k2016,F097,0.952069739554753,0.965269785236406,F3B,M1,10000,9695,96.95,96.5945214386181,97.2694211143754,0.32,0.205881965734549,0.434118034265451
k2016,F097,0.952069739554753,0.965269785236406,F3B,M2,10000,9726,97.26,96.9214431411579,97.5622613328458,0.63,0.423864184076197,0.836135815923803
k2016,F097,0.952069739554753,0.965269785236406,F3C,M0,10000,9664,96.64,96.2685241675512,96.9756564644321,,,
k2016,F097,0.952069739554753,0.965269785236406,F3C,M1,10000,9697,96.97,96.6155837999841,97.2883433930746,0.33,0.217588949626125,0.442411050373875
k2016,F097,0.952069739554753,0.965269785236406,F3C,M2,10000,9717,97.17,96.8264267801423,97.477346813568,0.53,0.331346871201498,0.728653128798502
k2016,F097,0.952069739554753,0.965269785236406,G2_Ai,M0,10000,9662,96.62,96.2475208110593,96.9566751808588,,,
k2016,F097,0.952069739554753,0.965269785236406,G2_Ai,M1,10000,9720,97.2,96.8580890786951,97.5056614751131,0.58,0.414072214390497,0.745927785609503
k2016,F097,0.952069739554753,0.965269785236406,G2_Ai,M2,10000,9749,97.49,97.1646858855765,97.7788419491766,0.87,0.65506858939795,1.08493141060205
k2016,F097,0.952069739554753,0.965269785236406,G2_Aii,M0,10000,9624,96.24,95.8490551553918,96.595432675288,,,
k2016,F097,0.952069739554753,0.965269785236406,G2_Aii,M1,10000,9677,96.77,96.4051285853702,97.0989522070368,0.53,0.339239440194157,0.720760559805843
k2016,F097,0.952069739554753,0.965269785236406,G2_Aii,M2,10000,9693,96.93,96.5734629131752,97.2504949997532,0.69,0.467790943886252,0.912209056113748
k2016,F097,0.952069739554753,0.965269785236406,G2_B,M0,10000,9805,98.05,97.7599610060085,98.3031367505695,,,
k2016,F097,0.952069739554753,0.965269785236406,G2_B,M1,10000,9820,98.2,97.9203052820268,98.44267727504,0.15,0.0741440815708445,0.225855918429156
k2016,F097,0.952069739554753,0.965269785236406,G2_B,M2,10000,9843,98.43,98.1670935719626,98.6557123458537,0.38,0.228357058136636,0.531642941863364
k2016,F097,0.952069739554753,0.965269785236406,G2_Ci,M0,10000,9708,97.08,96.7314970266826,97.3923456867345,,,
k2016,F097,0.952069739554753,0.965269785236406,G2_Ci,M1,10000,9740,97.4,97.0694284357386,97.6941685187212,0.32,0.20929969673207,0.43070030326793
k2016,F097,0.952069739554753,0.965269785236406,G2_Ci,M2,10000,9756,97.56,97.2388460248391,97.8446280501421,0.48,0.288184524125103,0.671815475874897
k2016,F097,0.952069739554753,0.965269785236406,G2_Cii,M0,10000,9685,96.85,96.4892664565968,97.1747528960708,,,
k2016,F097,0.952069739554753,0.965269785236406,G2_Cii,M1,10000,9719,97.19,96.8475339010603,97.4962243327153,0.34,0.225904187141491,0.454095812858509
k2016,F097,0.952069739554753,0.965269785236406,G2_Cii,M2,10000,9738,97.38,97.0482735901209,97.6753387242738,0.53,0.331346871201498,0.728653128798502
k2016,F097,0.952069739554753,0.965269785236406,P2,M0,10000,9678,96.78,96.415642687966,97.1084304244735,,,
k2016,F097,0.952069739554753,0.965269785236406,P2,M1,10000,9706,97.06,96.7104128947197,97.3734451786323,0.28,0.172783354996415,0.387216645003585
k2016,F097,0.952069739554753,0.965269785236406,P2,M2,10000,9731,97.31,96.9742689496245,97.6093971245421,0.53,0.335253168499622,0.724746831500378
k2016,S00,1,1,AUCinf_true_only,M0,10000,9980,99.8,99.6912649335349,99.8704888287457,,,
k2016,S00,1,1,AUCinf_true_only,M1,10000,9983,99.83,99.7279014584904,99.893829263888,0.03,-0.00394417675578445,0.0639441767557844
k2016,S00,1,1,AUCinf_true_only,M2,10000,9990,99.9,99.8160055612562,99.9456714013503,0.1,0.0380483966148605,0.16195160338514
k2016,S00,1,1,AUClast_only,M0,10000,9958,99.58,99.4328104183776,99.6891123031862,,,
k2016,S00,1,1,AUClast_only,M1,10000,9967,99.67,99.5369359428188,99.7649176590382,0.09,0.0312246070905424,0.148775392909458
k2016,S00,1,1,AUClast_only,M2,10000,9968,99.68,99.5486173072687,99.7732286146208,0.1,0.0123652799001204,0.18763472009988
k2016,S00,1,1,F3A,M0,10000,9907,99.07,98.8621207500376,99.2401936498642,,,
k2016,S00,1,1,F3A,M1,10000,9922,99.22,99.0276767833088,99.3745224170818,0.15,0.0602268070985137,0.239773192901486
k2016,S00,1,1,F3A,M2,10000,9924,99.24,99.0498622668579,99.3923215735978,0.17,0.0574523257006267,0.282547674299373
k2016,S00,1,1,F3B,M0,10000,9954,99.54,99.3870194284531,99.6549340129802,,,
k2016,S00,1,1,F3B,M1,10000,9964,99.64,99.502037005637,99.7398396361222,0.1,0.0380483966148605,0.16195160338514
k2016,S00,1,1,F3B,M2,10000,9965,99.65,99.5136468123541,99.7482221494378,0.11,0.0160234588769538,0.203976541123046
k2016,S00,1,1,F3C,M0,10000,9951,99.51,99.3528391576189,99.6291373237167,,,
k2016,S00,1,1,F3C,M1,10000,9960,99.6,99.455808735402,99.7060986262268,0.09,0.0312246070905424,0.148775392909458
k2016,S00,1,1,F3C,M2,10000,9962,99.62,99.478882314172,99.7230096875221,0.11,0.0292133397245881,0.190786660275412
k2016,S00,1,1,G2_Ai,M0,10000,9951,99.51,99.3528391576189,99.6291373237167,,,
k2016,S00,1,1,G2_Ai,M1,10000,9962,99.62,99.478882314172,99.7230096875221,0.11,0.039361856787873,0.180638143212127
k2016,S00,1,1,G2_Ai,M2,10000,9968,99.68,99.5486173072687,99.7732286146208,0.17,0.0802405025403758,0.259759497459624
k2016,S00,1,1,G2_Aii,M0,10000,9933,99.33,99.1500780525033,99.4720366682458,,,
k2016,S00,1,1,G2_Aii,M1,10000,9939,99.39,99.2172789569317,99.5247896840129,0.06,-0.0133293743564656,0.133329374356466
k2016,S00,1,1,G2_Aii,M2,10000,9941,99.41,99.2397579312236,99.5422953497861,0.08,-0.00314360245663597,0.163143602456636
k2016,S00,1,1,G2_B,M0,10000,9980,99.8,99.6912649335349,99.8704888287457,,,
k2016,S00,1,1,G2_B,M1,10000,9983,99.83,99.7279014584904,99.893829263888,0.03,-0.00394417675578445,0.0639441767557844
k2016,S00,1,1,G2_B,M2,10000,9985,99.85,99.7526415450029,99.9090738174407,0.05,-0.00879369221050768,0.108793692210508
k2016,S00,1,1,G2_Ci,M0,10000,9959,99.59,99.4443005072309,99.6976145343654,,,
k2016,S00,1,1,G2_Ci,M1,10000,9965,99.65,99.5136468123541,99.7482221494378,0.06,0.0120028882169461,0.107997111783054
k2016,S00,1,1,G2_Ci,M2,10000,9968,99.68,99.5486173072687,99.7732286146208,0.09,0.0141076247923555,0.165892375207644
k2016,S00,1,1,G2_Cii,M0,10000,9957,99.57,99.4213378416848,99.6805925598463,,,
k2016,S00,1,1,G2_Cii,M1,10000,9963,99.63,99.4904491255017,99.7314351962249,0.06,0.0120028882169461,0.107997111783054
k2016,S00,1,1,G2_Cii,M2,10000,9966,99.66,99.5252794634544,99.75658181837,0.09,0.0141076247923555,0.165892375207644
k2016,S00,1,1,P2,M0,10000,9955,99.55,99.3984428906251,99.6635028708408,,,
k2016,S00,1,1,P2,M1,10000,9965,99.65,99.5136468123541,99.7482221494378,0.1,0.0380483966148605,0.16195160338514
k2016,S00,1,1,P2,M2,10000,9966,99.66,99.5252794634544,99.75658181837,0.11,0.020204556460516,0.199795443539484
k2020,F097,0.952367656502161,0.965498850360188,AUCinf_true_only,M0,10000,9592,95.92,95.5143074247688,96.2904261648683,,,
k2020,F097,0.952367656502161,0.965498850360188,AUCinf_true_only,M1,10000,9629,96.29,95.9014229297069,96.6430265011358,0.37,0.244704503314207,0.495295496685793
k2020,F097,0.952367656502161,0.965498850360188,AUCinf_true_only,M2,10000,9675,96.75,96.384103024117,97.0799931282248,0.83,0.609712139238637,1.05028786076136
k2020,F097,0.952367656502161,0.965498850360188,AUClast_only,M0,10000,9469,94.69,94.2331001283944,95.1125780972346,,,
k2020,F097,0.952367656502161,0.965498850360188,AUClast_only,M1,10000,9529,95.29,94.8571005536198,95.6881168739643,0.6,0.448630413616909,0.751369586383091
k2020,F097,0.952367656502161,0.965498850360188,AUClast_only,M2,10000,9560,95.6,95.1802065822493,95.984772766345,0.91,0.660392512207328,1.15960748779267
k2020,F097,0.952367656502161,0.965498850360188,F3A,M0,10000,9262,92.62,92.0910479937288,93.1162199851547,,,
k2020,F097,0.952367656502161,0.965498850360188,F3A,M1,10000,9344,93.44,92.9378746227622,93.9087635987934,0.82,0.620759337161592,1.01924066283841
k2020,F097,0.952367656502161,0.965498850360188,F3A,M2,10000,9400,94,93.5174211823169,94.4487869610635,1.38,1.09186715402958,1.66813284597042
k2020,F097,0.952367656502161,0.965498850360188,F3B,M0,10000,9452,94.52,94.0565953715055,94.9492134135695,,,
k2020,F097,0.952367656502161,0.965498850360188,F3B,M1,10000,9516,95.16,94.7217542000509,95.5635630671096,0.64,0.483697622083089,0.796302377916911
k2020,F097,0.952367656502161,0.965498850360188,F3B,M2,10000,9546,95.46,95.0342234968087,95.8508633713293,0.94,0.688136686603647,1.19186331339635
k2020,F097,0.952367656502161,0.965498850360188,F3C,M0,10000,9441,94.41,93.9424505867936,94.8434426779229,,,
k2020,F097,0.952367656502161,0.965498850360188,F3C,M1,10000,9515,95.15,94.7113464426242,95.5539785045037,0.74,0.572014110967597,0.907985889032403
k2020,F097,0.952367656502161,0.965498850360188,F3C,M2,10000,9542,95.42,94.992533738655,95.8125838493527,1.01,0.759004973799336,1.26099502620066
k2020,F097,0.952367656502161,0.965498850360188,G2_Ai,M0,10000,9579,95.79,95.3785049726411,96.1663284565723,,,
k2020,F097,0.952367656502161,0.965498850360188,G2_Ai,M1,10000,9615,96.15,95.7548376065759,96.5097193438106,0.36,0.210892994317423,0.509107005682577
k2020,F097,0.952367656502161,0.965498850360188,G2_Ai,M2,10000,9661,96.61,96.2370203745,96.9471832973855,0.82,0.583710807802673,1.05628919219733
k2020,F097,0.952367656502161,0.965498850360188,G2_Aii,M0,10000,9526,95.26,94.8258591964774,95.6593812710089,,,
k2020,F097,0.952367656502161,0.965498850360188,G2_Aii,M1,10000,9573,95.73,95.315861562209,96.1090179468089,0.47,0.298252147534596,0.641747852465404
k2020,F097,0.952367656502161,0.965498850360188,G2_Aii,M2,10000,9623,96.23,95.8385837384669,96.5859117721804,0.97,0.733116878682585,1.20688312131741
k2020,F097,0.952367656502161,0.965498850360188,G2_B,M0,10000,9672,96.72,96.3525712335087,97.0515479587353,,,
k2020,F097,0.952367656502161,0.965498850360188,G2_B,M1,10000,9702,97.02,96.6682567280577,97.3356320651639,0.3,0.192804139874998,0.407195860125002
k2020,F097,0.952367656502161,0.965498850360188,G2_B,M2,10000,9735,97.35,97.0165502723387,97.6470850819583,0.63,0.437351630166306,0.822648369833694
k2020,F097,0.952367656502161,0.965498850360188,G2_Ci,M0,10000,9556,95.56,95.1384860246205,95.9465240438435,,,
k2020,F097,0.952367656502161,0.965498850360188,G2_Ci,M1,10000,9590,95.9,95.4934079228751,96.2713410266968,0.34,0.225904187141491,0.454095812858509
k2020,F097,0.952367656502161,0.965498850360188,G2_Ci,M2,10000,9631,96.31,95.922375079488,96.6620589914199,0.75,0.533116240136789,0.966883759863211
k2020,F097,0.952367656502161,0.965498850360188,G2_Cii,M0,10000,9503,95.03,94.586491379854,95.4389257268829,,,
k2020,F097,0.952367656502161,0.965498850360188,G2_Cii,M1,10000,9561,95.61,95.1906381321585,95.9943335364684,0.58,0.431159649858377,0.728840350141623
k2020,F097,0.952367656502161,0.965498850360188,G2_Cii,M2,10000,9597,95.97,95.5665672537081,96.3381279360919,0.94,0.699050734742774,1.18094926525723
k2020,F097,0.952367656502161,0.965498850360188,P2,M0,10000,9468,94.68,94.2227140830539,95.1029718225425,,,
k2020,F097,0.952367656502161,0.965498850360188,P2,M1,10000,9529,95.29,94.8571005536198,95.6881168739643,0.61,0.457381890483956,0.762618109516045
k2020,F097,0.952367656502161,0.965498850360188,P2,M2,10000,9560,95.6,95.1802065822493,95.984772766345,0.92,0.669638158478635,1.17036184152136
k2020,S00,1,1,AUCinf_true_only,M0,10000,9940,99.4,99.2285132503221,99.533547710655,,,
k2020,S00,1,1,AUCinf_true_only,M1,10000,9947,99.47,99.3074594899829,99.5945477112223,0.07,0.0181597878049888,0.121840212195011
k2020,S00,1,1,AUCinf_true_only,M2,10000,9950,99.5,99.3414742683868,99.6205098929162,0.1,7.52784843459017e-05,0.199924721515654
k2020,S00,1,1,AUClast_only,M0,10000,9901,99.01,98.7962606018844,99.1860998778219,,,
k2020,S00,1,1,AUClast_only,M1,10000,9916,99.16,98.9612858568652,99.3209594233299,0.15,0.0741440815708445,0.225855918429156
k2020,S00,1,1,AUClast_only,M2,10000,9920,99.2,99.0055195654451,99.3566949948803,0.19,0.0676508329973963,0.312349167002604
k2020,S00,1,1,F3A,M0,10000,9830,98.3,98.0274568877193,98.5354488696734,,,
k2020,S00,1,1,F3A,M1,10000,9858,98.58,98.3287481322847,98.7939425860203,0.28,0.159298370475704,0.400701629524296
k2020,S00,1,1,F3A,M2,10000,9871,98.71,98.4693796023513,98.9132112763774,0.41,0.245037871150534,0.574962128849466
k2020,S00,1,1,F3B,M0,10000,9893,98.93,98.7087233947655,99.1136985246801,,,
k2020,S00,1,1,F3B,M1,10000,9908,99.08,98.8731160505793,99.2491906693551,0.15,0.0741440815708445,0.225855918429156
k2020,S00,1,1,F3B,M2,10000,9917,99.17,98.9723344943213,99.3299031059064,0.24,0.11306059868871,0.36693940131129
k2020,S00,1,1,F3C,M0,10000,9897,98.97,98.7524544269637,99.1499367726123,,,
k2020,S00,1,1,F3C,M1,10000,9910,99.1,98.8951233693397,99.2671679906599,0.13,0.0593749110314573,0.200625088968543
k2020,S00,1,1,F3C,M2,10000,9917,99.17,98.9723344943213,99.3299031059064,0.2,0.076096793229721,0.323903206770279
k2020,S00,1,1,G2_Ai,M0,10000,9919,99.19,98.9944512308792,99.3477710094137,,,
k2020,S00,1,1,G2_Ai,M1,10000,9926,99.26,99.0720771164792,99.4100913640417,0.07,-0.0108037784105323,0.150803778410532
k2020,S00,1,1,G2_Ai,M2,10000,9937,99.37,99.1948405467121,99.5072434541674,0.18,0.0624492141810849,0.297550785818915
k2020,S00,1,1,G2_Aii,M0,10000,9888,98.88,98.6541590683063,99.0683012509764,,,
k2020,S00,1,1,G2_Aii,M1,10000,9905,99.05,98.8401464294136,99.2221833304231,0.17,0.0645000389184907,0.275499961081509
k2020,S00,1,1,G2_Aii,M2,10000,9918,99.18,98.9833895803389,99.3388403399213,0.3,0.15344030485524,0.44655969514476
k2020,S00,1,1,G2_B,M0,10000,9943,99.43,99.2622795040472,99.5597584170277,,,
k2020,S00,1,1,G2_B,M1,10000,9948,99.48,99.3187848134007,99.6032147078372,0.05,0.00618263995006017,0.0938173600499398
k2020,S00,1,1,G2_B,M2,10000,9958,99.58,99.4328104183776,99.6891123031862,0.15,0.0602268070985137,0.239773192901486
k2020,S00,1,1,G2_Ci,M0,10000,9922,99.22,99.0276767833088,99.3745224170818,,,
k2020,S00,1,1,G2_Ci,M1,10000,9930,99.3,99.1165996916067,99.4455380690446,0.08,0.0245832550173461,0.135416744982654
k2020,S00,1,1,G2_Ci,M2,10000,9936,99.36,99.1836359609497,99.4984557198971,0.14,0.052386325281384,0.227613674718616
k2020,S00,1,1,G2_Cii,M0,10000,9913,99.13,98.9281775263915,99.2940907937058,,,
k2020,S00,1,1,G2_Cii,M1,10000,9920,99.2,99.0055195654451,99.3566949948803,0.07,0.0181597878049888,0.121840212195011
k2020,S00,1,1,G2_Cii,M2,10000,9930,99.3,99.1165996916067,99.4455380690446,0.17,0.0645000389184907,0.275499961081509
k2020,S00,1,1,P2,M0,10000,9900,99,98.7853017744885,99.1770663851852,,,
k2020,S00,1,1,P2,M1,10000,9915,99.15,98.9502435554067,99.3120094047558,0.15,0.0741440815708445,0.225855918429156
k2020,S00,1,1,P2,M2,10000,9919,99.19,98.9944512308792,99.3477710094137,0.19,0.0676508329973963,0.312349167002604
