population,variant,distribution,band,set,n,fail_pct,lz_fail_pct,est_fail_pct,fail_per_arm,wt_fail_mean,wt_retained_mean,wt_diff,wt_diff_lo,wt_diff_hi,auclast_gm_ratio_fail_to_retained,extrap_true_median_fail,extrap_true_median_retained,auclast_over_true_fail_median,auclast_over_true_fail_p05
60-90 kg (study inclusion range),base,study_60_90,all,i,20000,13.435,1.46,11.975,15.71895,76.0155831657742,74.8816554068378,1.13392775893638,0.843862070551382,1.42399344732138,0.78301634059572,0.747069622086527,0.645063425855552,0.929104483016675,0.774035272344773
60-90 kg (study inclusion range),base,study_60_90,all,ii,20000,19.265,1.46,17.805,22.54005,75.8060818894789,74.8497639502604,0.956317939218451,0.704732504926194,1.20790337351071,0.808006002789137,1.48559178322917,0.573768410976028,0.930176765389345,0.778787371476542
60-90 kg (study inclusion range),base,study_60_90,all,iii,20000,38.76,1.46,37.3,45.3492,75.2887336245781,74.8727717968066,0.415961827771483,0.211793587106048,0.620130068436918,0.909969139514214,0.371576041427862,0.781813175337459,0.951491753109276,0.796902956835756
60-90 kg (study inclusion range),base,study_60_90,all,iv,20000,65.85,1.46,64.39,77.0445,75.1968441649005,74.7199903914022,0.476853773498291,0.268155913861424,0.685551633135159,0.908856900461946,0.943587219625824,0.386295559433364,0.953485194271882,0.803233100330006
60-90 kg (study inclusion range),struct2020,study_60_90,all,i,20000,8.165,0.615,7.55,9.55305,75.6898296112269,74.8792117037137,0.810617907513148,0.443704707191664,1.17753110783463,0.771529285293624,0.0397030552627298,0.67727895676919,0.953630052378134,0.847623717171895
60-90 kg (study inclusion range),struct2020,study_60_90,all,ii,20000,16.085,0.615,15.47,18.81945,75.404067671537,74.8574800344342,0.546587637102775,0.273971118612534,0.819204155593015,0.827706814064377,1.65936366146702,0.578892252041074,0.949087517481932,0.854390243142679
60-90 kg (study inclusion range),struct2020,study_60_90,all,iii,20000,33.215,0.615,32.6,38.86155,75.1789060127052,74.8292655891924,0.349640423512781,0.138765208408859,0.560515638616704,0.891153763621704,0.145166469116476,0.889275287603142,0.96480552753282,0.868280047913321
60-90 kg (study inclusion range),struct2020,study_60_90,all,iv,20000,72.45,0.615,71.835,84.7665,75.054436196059,74.6586556508801,0.395780545178837,0.172543818757203,0.619017271600472,0.896790454623057,0.890968654331137,0.361965035719175,0.96332501517896,0.869359964066996
adult atopic dermatitis,base,primary,all,i,20000,14.915,1.885,13.03,17.45055,83.8044167412938,77.3876727100924,6.41674403120136,5.63670014869503,7.1967879137077,0.715212799597101,1.08229380955619,0.659581920006636,0.931073637725109,0.774116728266465
adult atopic dermatitis,base,primary,all,ii,20000,21.025,1.885,19.14,24.59925,82.8673108046098,77.1407128656877,5.72659793892206,5.04788291569378,6.40531296215033,0.753421006121758,1.66467085800766,0.580146854063979,0.932298929719862,0.778939370230951
adult atopic dermatitis,base,primary,all,iii,20000,39.465,1.885,37.58,46.17405,80.1534452611688,77.1655619228972,2.98788333827167,2.44860766989477,3.52715900664858,0.867417442918993,0.461316395740408,0.78740092646995,0.953239857977026,0.798586302201489
adult atopic dermatitis,base,primary,all,iv,20000,66.445,1.885,64.56,77.74065,79.4253912493286,76.2048245171499,3.22056673217872,2.67827036206453,3.76286310229292,0.874925323407833,1.01248042435174,0.377983342741683,0.954345739771143,0.802572015989725
adult atopic dermatitis,struct2020,primary,all,i,20000,8.875,1.01,7.865,10.38375,83.5197390049958,77.8407168676573,5.67902213733856,4.70351646882079,6.65452780585634,0.69660520596757,0.108334197450177,0.698120620033293,0.947365146068613,0.842999944803966
adult atopic dermatitis,struct2020,primary,all,ii,20000,17.26,1.01,16.25,20.1942,82.129235092184,77.5552623947729,4.57397269741109,3.84517028240524,5.30277511241695,0.769418655740561,1.96061185649988,0.588489271236425,0.944232131101175,0.845819670738376
adult atopic dermatitis,struct2020,primary,all,iii,20000,33.61,1.01,32.6,39.3237,80.1361379222642,77.4378281769439,2.69830974532026,2.13911662376169,3.25750286687883,0.849903630179473,0.168433394299927,0.903332172071514,0.962741871004458,0.863480323571522
adult atopic dermatitis,struct2020,primary,all,iv,20000,72.66,1.01,71.65,85.0122,79.1630983833333,76.1697980871109,2.99330029622233,2.41708009016567,3.56952050227899,0.868356347733825,0.958131255520028,0.361736142629859,0.961641559729328,0.866141875148212
adult atopic dermatitis,k2016_bmi_vc0817,primary,all,i,20000,15.335,2.16,13.175,17.94195,84.7234595427287,77.1893788005299,7.53408074219884,6.75454279909402,8.31361868530366,0.679705907015392,1.25913726807693,0.669978602317556,0.929858265955237,0.76837699676791
adult atopic dermatitis,k2016_bmi_vc0817,primary,all,ii,20000,21.83,2.16,19.67,25.5411,83.1589139049241,77.0003059701946,6.15860793472945,5.48103646495508,6.83617940450381,0.736177855207389,1.80187667953513,0.578946280121395,0.931494661505446,0.777237689872634
adult atopic dermatitis,k2016_bmi_vc0817,primary,all,iii,20000,39.755,2.16,37.595,46.51335,80.3055128083797,77.0508315468084,3.25468126157124,2.71543477887291,3.79392774426956,0.854149083541413,0.51039438970556,0.786019391134918,0.950653624451723,0.795166077133553
adult atopic dermatitis,k2016_bmi_vc0817,primary,all,iv,20000,66.93,2.16,64.77,78.3081,79.2054755168988,76.6026771057929,2.60279841110594,2.0629646108991,3.14263221131278,0.881443535205749,1.0441297836745,0.377540400741422,0.953073253513944,0.802508379822915
adult atopic dermatitis,base,sens_nct03389893,all,i,20000,15.295,1.995,13.3,17.89515,85.7804503832242,79.2112774890915,6.56917289413272,5.79538136112545,7.34296442713999,0.730660983828677,1.00194146057845,0.689926659168705,0.930849345582765,0.774600055547204
adult atopic dermatitis,base,sens_nct03389893,all,ii,20000,21.575,1.995,19.58,25.24275,84.3397550790387,79.0815815428072,5.2581735362315,4.59014093769408,5.92620613476891,0.770182438263326,1.61099944348432,0.604318113082425,0.931733660075305,0.778609829320225
adult atopic dermatitis,base,sens_nct03389893,all,iii,20000,39.88,1.995,37.885,46.6596,81.7000783016626,79.2316055498104,2.46847275185216,1.9281659722798,3.00877953142452,0.877158119296696,0.466904270969371,0.828328585810711,0.95024575035046,0.794399078346312
adult atopic dermatitis,base,sens_nct03389893,all,iv,20000,67.57,1.995,65.575,79.0569,80.9659181746156,78.6535972021626,2.31232097245294,1.76276680200598,2.8618751428999,0.886632865291761,1.03382002614967,0.384325041229544,0.952692994358848,0.80147340871126
adult atopic dermatitis,struct2020,sens_nct03389893,all,i,20000,9.165,1,8.165,10.72305,85.9214748890036,79.6403691414894,6.28110574751425,5.29522307968817,7.26698841534033,0.714920984661376,0.0840539851960531,0.704911701782807,0.947545629707741,0.842787076854834
adult atopic dermatitis,struct2020,sens_nct03389893,all,ii,20000,17.51,1,16.51,20.4867,84.1509681888903,79.380770946023,4.77019724286727,4.03424102714323,5.50615345859131,0.774077225452147,1.94107650671388,0.591381665463986,0.945461957316577,0.846194783188535
adult atopic dermatitis,struct2020,sens_nct03389893,all,iii,20000,34.655,1,33.655,40.54635,81.7691545400726,79.3923513312219,2.37680320885067,1.8188778954543,2.93472852224705,0.863563267012884,0.171209802415728,0.918982365579402,0.962070546824852,0.864898429276484
adult atopic dermatitis,struct2020,sens_nct03389893,all,iv,20000,73.55,1,72.55,86.0535,80.9399682195016,78.2029711070159,2.73699711248564,2.15870021743952,3.31529400753176,0.868090361962022,0.954354528869622,0.355648393077757,0.960853644932777,0.866628011825217
adult atopic dermatitis,k2016_bmi_vc0817,sens_nct03389893,all,i,20000,15.555,2.29,13.265,18.19935,86.4549233624198,79.0668117167679,7.38811164565189,6.60609548258406,8.17012780871972,0.700492151885518,1.18726448187394,0.694886825931007,0.930078986333191,0.772613437951264
adult atopic dermatitis,k2016_bmi_vc0817,sens_nct03389893,all,ii,20000,22.215,2.29,19.925,25.99155,84.8401853801519,78.8953979572518,5.94478742290001,5.26873196568964,6.62084288011037,0.746295078891587,1.74428957534848,0.608579766456274,0.931444654244037,0.776743615005039
adult atopic dermatitis,k2016_bmi_vc0817,sens_nct03389893,all,iii,20000,40.05,2.29,37.76,46.8585,81.8193533606099,79.1449232065469,2.674430154063,2.13294362635346,3.21591668177255,0.862512799284341,0.492824809434356,0.824682000851063,0.948791745083182,0.793796670298975
adult atopic dermatitis,k2016_bmi_vc0817,sens_nct03389893,all,iv,20000,67.855,2.29,65.565,79.39035,80.8057025585107,78.9712957292632,1.83440682924748,1.28457658823827,2.3842370702567,0.887498750194796,1.06787771524324,0.387616467593954,0.952322728842451,0.800595671037308
adult atopic dermatitis,base,sens_75_18,all,i,20000,13.765,1.475,12.29,16.10505,80.0600364477721,74.433627552446,5.62640889532605,4.86636221932401,6.38645557132809,0.748577899086793,0.895855882649654,0.656093968389682,0.930494623693979,0.777485267104373
adult atopic dermatitis,base,sens_75_18,all,ii,20000,19.795,1.475,18.32,23.16015,78.8393748445389,74.3118863991162,4.52748844542273,3.87439528501376,5.1805816058317,0.791479740562233,1.55760098398169,0.578787945909498,0.931112861928581,0.779398538240191
adult atopic dermatitis,base,sens_75_18,all,iii,20000,38.665,1.475,37.19,45.23805,76.5463550974698,74.3644811909203,2.18187390654957,1.66650003663645,2.69724777646269,0.895755002961941,0.403657956736003,0.779059597769649,0.951411354980912,0.798562082064074
adult atopic dermatitis,base,sens_75_18,all,iv,20000,66.43,1.475,64.955,77.7231,76.0165226024405,73.6083609534895,2.40816164895099,1.88942630676854,2.92689699113345,0.894568902024767,0.963536332732473,0.377431496539049,0.953431518943942,0.804774164150383
adult atopic dermatitis,struct2020,sens_75_18,all,i,20000,8.5,0.69,7.81,9.945,80.0346217099648,74.7597375863832,5.27488412358161,4.34287192331155,6.20689632385168,0.734824901101235,0.0441909333696811,0.673507053955697,0.94822160791624,0.848861350238695
adult atopic dermatitis,struct2020,sens_75_18,all,ii,20000,16.695,0.69,16.005,19.53315,78.283924227256,74.5916830768228,3.69224115043319,2.99014397054409,4.39433833032229,0.817396458940318,1.72749194770212,0.566905839820653,0.946331685407804,0.849761155899195
adult atopic dermatitis,struct2020,sens_75_18,all,iii,20000,33.145,0.69,32.455,38.77965,77.1021222142574,74.2690962964206,2.83302591783678,2.29729989386412,3.36875194180943,0.860750378810485,0.138129245268981,0.868610552380955,0.964285443483222,0.868069400361348
adult atopic dermatitis,struct2020,sens_75_18,all,iv,20000,72.655,0.69,71.965,85.00635,76.0164845868562,73.0602518204692,2.95623276638699,2.41599155191378,3.4964739808602,0.880402451473539,0.895638058313186,0.351799324449242,0.963084783201471,0.868504339809562
adult atopic dermatitis,k2016_bmi_vc0817,sens_75_18,all,i,20000,13.625,1.67,11.955,15.94125,80.546607914051,74.3659941054682,6.18061380858275,5.40435277187585,6.95687484528964,0.722093712299427,0.986875519796582,0.64187900820244,0.928179808470055,0.772803303800518
adult atopic dermatitis,k2016_bmi_vc0817,sens_75_18,all,ii,20000,20.025,1.67,18.355,23.42925,79.2700927382522,74.1910180256988,5.07907471255336,4.40848283304127,5.74966659206546,0.775541588571309,1.59912476770708,0.557580032080585,0.930185668933282,0.779363422671672
adult atopic dermatitis,k2016_bmi_vc0817,sens_75_18,all,iii,20000,38.925,1.67,37.255,45.54225,76.7028175768929,74.2554744086485,2.44734316824443,1.93294032354469,2.96174601294417,0.877819382408121,0.418393565939679,0.769789583547398,0.951751297374497,0.797255482317704
adult atopic dermatitis,k2016_bmi_vc0817,sens_75_18,all,iv,20000,66.4,1.67,64.73,77.688,75.9409177078869,73.7599207703891,2.18099693749787,1.66269083955633,2.6993030354394,0.894622533701364,0.954923081509546,0.374351234308817,0.953281362231352,0.803732508018778
