variant,model_label,model_label_en,schedule,grp,n,n_subjects,pct_of_subjects,pct_of_B0_reliable,window_B0_median,window_median,HL_B0_median,HL_median,lower_B0_median,lower_median,upper_B0_median,upper_median,npts_B0_median,npts_median,span_B0_median,span_median,rsq_B0_median,rsq_median,d_window_median,d_HL_median,d_lower_median,d_upper_median,d_npts_median,d_rsq_median,window_unchanged_pct,window_shorter_pct,window_longer_pct,HL_longer_pct,HL_shorter_pct,lower_later_pct,upper_later_pct,npts_fewer_pct,npts3_B0_pct,npts3_pct,rsq_higher_pct,mean_dlog_window,mean_dlog_HL,mean_dlog_span,window_with_added_day_pct,HL_lt1_pct,other_flag_pct,nominal_map_consistent_pct,window_share_of_dlog_span
base,기본(Kovalenko 2016),Kovalenko 2016 (primary),Bminus,lost_span,459,20000,2.295,2.84263330649656,20.9100067932159,14.6123138195835,6.55258488933465,10.363208806445,27.968933980912,27.570432944689,48.9245217726566,42.0174441225827,4,3,3.13719270078473,1.64277419072963,0.916071362839877,0.966928153946499,-6.51599277043715,3.47857155781377,0,-6.86676528584212,-1,0.0289636457229897,0,74.2919389978214,25.4901960784314,94.3355119825708,5.66448801742919,25.2723311546841,0,61.8736383442266,34.640522875817,72.9847494553377,64.9237472766885,-0.271631912101442,0.502555225566123,-0.774187137667564,0,0,18.9542483660131,98.6928104575163,0.350860791771615
base,기본(Kovalenko 2016),Kovalenko 2016 (primary),Bminus,stayed_reliable,15596,20000,77.98,96.587601412027,15.1515696331044,15.726449328009,5.13247536826088,5.25700716624642,14.0394983897568,14.0160947067197,34.8111875192262,34.8116215358023,3,3,3.38501019891231,3.31236184999302,0.939701542930499,0.941818474177646,0,0,0,0,0,0,91.3824057450628,3.26365734803796,4.16773531674788,6.45678379071557,2.1608104642216,1.01949217748141,0.185945114131829,4.18055911772249,51.0387278789433,50.230828417543,5.02692998204668,0.0131788398613444,0.0300531987934805,-0.0168743589321361,0,0,0,99.2946909463965,
base,기본(Kovalenko 2016),Kovalenko 2016 (primary),Bminus,gained_from_span,65,20000,0.325,,13.8376615229063,28.6198054305278,8.69517145393471,10.6985494185962,35.860116109252,14.2268792892573,49.9385748547502,55.1926833773032,3,5,1.67836317522691,2.5707211191139,0.991268921240877,0.939863243309293,14.2307557766326,2.44138656744849,-20.5475541822379,0,2,-0.0476740441970902,0,3.07692307692308,96.9230769230769,69.2307692307692,30.7692307692308,6.15384615384615,6.15384615384615,0,100,26.1538461538462,6.15384615384615,0.741940806669365,0.129455345667643,0.612485461001722,0,0,0,93.8461538461539,1.2113606834943
base,기본(Kovalenko 2016),Kovalenko 2016 (primary),D1,lost_span,623,20000,3.115,3.85830185173717,21.0651490050368,7.13545960187912,7.13047149936736,4.51205591714272,21.2499439972453,38.0945484414697,42.4673222214915,44.7177325747907,4,3,2.95422570925059,1.71591217243623,0.945025447789982,0.988922265632136,-13.9858920122497,-2.4597150523105,14.6521728010848,0,-1,0.0325268457925234,0,99.3579454253612,0,12.199036918138,87.800963081862,98.7158908507223,38.2022471910112,64.2054574638844,34.6709470304976,94.7030497592295,85.0722311396469,-1.04123899894832,-0.417457503249666,-0.623781495698657,99.8394863563403,0,0.160513643659711,99.3579454253612,1.66923675378042
base,기본(Kovalenko 2016),Kovalenko 2016 (primary),D1,stayed_reliable,14913,20000,74.565,92.357713507153,15.1141853770241,14.5418275711127,5.08178671160774,4.43507221736654,14.032478569774,14.1138391121058,34.7454890697263,35.3651681425981,3,4,3.40586602055491,3.5057351036617,0.939034818010981,0.935715472665977,0,0,0,0,0,0,53.9596325353718,22.7519613759807,16.8577750955542,10.3600885133776,35.6802789512506,22.597733521089,25.8029906792731,12.150472741903,51.2841145309462,48.2397907865621,20.7939381747469,-0.14425140578732,-0.161108958696456,0.0168575529091356,45.9062562864615,0.00670555890833501,0,99.1014551062831,
base,기본(Kovalenko 2016),Kovalenko 2016 (primary),D1,gained_from_span,432,20000,2.16,,13.9681063236203,20.017908598762,8.01773662715301,6.37155034458673,21.442988011986,20.8356951235328,35.2895480548032,38.5851639709435,3,5,1.78743053906797,3.04757103982059,0.985841481090952,0.909041990993892,4.10420969943516,-1.96794231518121,0,3.10446278960444,2,-0.0537681804893915,0,28.4722222222222,69.6759259259259,13.1944444444444,86.8055555555556,28.7037037037037,86.5740740740741,5.09259259259259,87.037037037037,23.6111111111111,20.3703703703704,0.242119526619863,-0.3683230655613,0.610442592181162,100,0,0,99.7685185185185,0.396629477892015
base,기본(Kovalenko 2016),Kovalenko 2016 (primary),D2,lost_span,552,20000,2.76,3.41859168885861,21.0697761652991,7.01933911582455,7.01016808135479,4.36861320282278,21.164745893795,37.5730969570577,42.0662136513274,44.306465302594,4,3,2.98277120239756,1.74491315895774,0.945025312432975,0.989795808190421,-13.8238551567774,-2.49583842747776,14.8177497146535,1.19847558555193,-1,0.0330697278921168,0,99.4565217391304,0,10.5072463768116,89.4927536231884,98.731884057971,51.0869565217391,62.3188405797102,35.8695652173913,92.2101449275362,84.4202898550725,-1.06926967138399,-0.444694725486485,-0.624574945897501,99.8188405797102,0,0.181159420289855,99.2753623188406,1.71199577954167
base,기본(Kovalenko 2016),Kovalenko 2016 (primary),D2,stayed_reliable,14943,20000,74.715,92.5435065337214,15.1223692316562,14.4850270028692,5.08777516730902,4.37910734100914,14.0333634354174,14.1241510281106,34.7501813322306,35.3796809227206,3,4,3.40180606777185,3.51799567932495,0.939039317881284,0.935028017311263,0,0,0,0,0,0,53.8513016127953,24.058087398782,17.560061567289,9.10794351870441,37.0407548685003,23.9643980459078,29.057083584287,12.6279863481229,51.1677708626113,48.4708559191595,20.2837448972763,-0.161184583796064,-0.182662635747945,0.021478051951881,46.0148564545272,0.00669209663387539,0,98.9894934082848,
base,기본(Kovalenko 2016),Kovalenko 2016 (primary),D2,gained_from_span,451,20000,2.255,,13.9714721366763,18.1587870018557,8.00699560541824,6.23556745667917,21.5487410449423,20.9507232164033,35.3787295701914,38.6232238751836,3,5,1.78598753769747,3.07841400677501,0.987025604688786,0.907344495391771,3.89786602510139,-2.0644508283386,0,3.18730277055874,2,-0.0578434988310479,0,29.9334811529933,69.4013303769401,12.4168514412417,87.5831485587583,30.820399113082,92.9046563192905,4.87804878048781,87.139689578714,24.8337028824834,20.3991130820399,0.229037182963437,-0.39556355866613,0.624600741629567,100,0,0,99.5565410199557,0.366693741614659
base,기본(Kovalenko 2016),Kovalenko 2016 (primary),D3,lost_span,919,20000,4.595,5.69145971387874,20.4382233648794,6.75710234278813,6.63018873573917,4.08456109815158,20.0064118416049,31.6883244332857,35.8295310363174,38.544740150217,4,3,2.95422570925059,1.75147369194382,0.946898307812211,0.989937798399644,-13.5310964978999,-2.33505920853684,14.135506941122,1.45254965499043,-1,0.0336004513548532,0,99.1294885745375,0.326441784548422,8.8139281828074,91.1860718171926,98.9118607181719,53.2100108813928,58.4330794341676,39.2818280739935,90.8596300326442,84.1131664853101,-1.04184553928702,-0.446182417205324,-0.595663122081694,99.6735582154516,0,0.43525571273123,99.455930359086,1.74905160427932
base,기본(Kovalenko 2016),Kovalenko 2016 (primary),D3,stayed_reliable,14308,20000,71.54,88.6108874713569,15.14762034663,13.1012228133623,5.06680974205598,3.69514684285893,14.0341737145791,21.0675670865458,34.812004245352,35.6391859494615,3,4,3.41382888303618,3.54458182270927,0.93875149688476,0.934806566655551,0,-0.902302001798038,0,0,0,0,19.6673189823875,45.0517193178641,26.299972043612,16.1378249930109,64.1948560246016,45.0307520268381,46.8339390550741,21.1769639362594,50.8876153201006,43.8635728263908,36.2175006989097,-0.308359682532903,-0.326598182010967,0.0182384994780635,80.3466592116299,0.00698909700866648,0,98.888733575622,
base,기본(Kovalenko 2016),Kovalenko 2016 (primary),D3,gained_from_span,829,20000,4.145,,13.9502273810795,16.5663570738398,8.08046227978705,5.43209344069559,20.0109349922277,20.5496227559634,34.2335012028925,37.315466967877,3,4,1.78598753769747,2.93699777395449,0.976874843011301,0.906838241525397,2.72067327937111,-2.91010613826143,0,3.25022359425202,1,-0.0439676740128562,0,42.0989143546442,57.5392038600724,7.35826296743064,92.6417370325694,43.6670687575392,96.0193003618818,6.27261761158022,85.524728588661,30.2774427020507,30.2774427020507,0.0425615507050226,-0.545205543420406,0.587767094125429,100,0,0,99.3968636911942,0.0724122720213732
base,기본(Kovalenko 2016),Kovalenko 2016 (primary),D4,lost_span,552,20000,2.76,3.41859168885861,21.1977535968181,6.92620941647328,7.16451561161657,4.30630320322201,21.9630339082796,39.4700642679818,48.0597897132393,48.0597897132393,4,3,3.00455411112105,1.71313295554092,0.941726897159974,0.987090525990846,-14.1080966473091,-2.42664717887924,14.480549153639,0,-1,0.032947849059577,0,98.5507246376812,0.181159420289855,11.231884057971,88.768115942029,98.3695652173913,10.5072463768116,62.3188405797102,34.7826086956522,90.9420289855072,87.3188405797101,-1.07914099004986,-0.431253814169885,-0.647887175879978,99.8188405797102,0,0.36231884057971,99.8188405797102,1.66563103920701
base,기본(Kovalenko 2016),Kovalenko 2016 (primary),D4,stayed_reliable,15002,20000,75.01,92.9088994859726,15.1302659043577,14.5812362408615,5.08805244985023,4.54637799005376,14.0290658929735,14.0951594598009,34.7400537903886,35.0352908819914,3,4,3.40638113075208,3.50865956499801,0.93917122225882,0.93648301902335,0,0,0,0,0,0,59.6587121717104,19.2907612318358,12.2916944407412,11.8317557658979,28.5095320623917,19.130782562325,17.7109718704173,10.5319290761232,51.0398613518198,48.6001866417811,17.7976269830689,-0.120545494829464,-0.138508528341532,0.017963033512068,40.207972270364,0,0,98.9668044260765,
base,기본(Kovalenko 2016),Kovalenko 2016 (primary),D4,gained_from_span,423,20000,2.115,,13.9459187621251,17.8287018174306,8.04990796507683,5.56727209977747,21.5803482620977,21.6856575771235,35.4725695811212,39.6064393976703,3,4,1.77720246713772,3.34069171768323,0.981499136662354,0.901739470113902,4.23378019655744,-2.84304486554807,0,4.02396785467863,1,-0.0627541773145118,0,39.9527186761229,59.5744680851064,12.0567375886525,87.9432624113475,40.1891252955083,85.8156028368794,7.56501182033097,87.4704491725768,35.4609929078014,23.8770685579196,0.167079379972913,-0.529091167569875,0.696170547542788,100,0,0,99.7635933806147,0.239997771469417
struct2020,구조: Kovalenko 2020 Model 1 (transit),Kovalenko 2020 Model 1,Bminus,lost_span,900,20000,4.5,5.36256926651969,20.338988436386,14.312076585833,6.16082744291467,9.69872420870025,28.4467213433236,27.7709943845403,49.0131996292621,41.9375854760874,4,3,3.18886898329027,1.68289116542688,0.925473587354554,0.985524966020031,-6.15377105772495,3.06508972071973,0,-6.99506335449405,-1,0.044438881548964,0,73.1111111111111,26.6666666666667,95.5555555555556,4.44444444444444,20.5555555555556,0,57.8888888888889,39.8888888888889,73.6666666666667,78.2222222222222,-0.235339690917023,0.46793864320244,-0.703278334119463,0,0,6,99.7777777777778,0.334632363176209
struct2020,구조: Kovalenko 2020 Model 1 (transit),Kovalenko 2020 Model 1,Bminus,stayed_reliable,15867,20000,79.335,94.5420961687422,15.109881520737,17.3874948754674,5.60867370066903,5.81500198645249,20.0245822169818,14.2144843128044,35.3324812757783,35.3329473463818,3,3,3.13899224834226,3.04887512816868,0.938040453136309,0.941815841261832,0,0,0,0,0,0,87.5653872817798,3.83185227201109,6.83178924812504,9.45988529652738,2.97472742169282,1.58189953992563,0.163862103737316,5.218377765173,53.0850192222853,51.2888384697801,8.12377891220773,0.0260499675337998,0.0480116036678726,-0.0219616361340728,0,0,0,99.3634587508666,
struct2020,구조: Kovalenko 2020 Model 1 (transit),Kovalenko 2020 Model 1,Bminus,gained_from_span,135,20000,0.675,,13.700531209819,28.1495207231492,7.81147249581308,10.5327640200977,41.7999305357225,21.9997129417025,55.4782642205246,55.5055337981321,3,4,1.75659951479096,2.46070182330826,0.988775154574592,0.956158460163652,13.9101526737213,2.32195142412898,-14.5105532291345,0,1,-0.0256711730277015,0,0,98.5185185185185,88.1481481481482,11.8518518518519,1.48148148148148,1.48148148148148,1.48148148148148,98.5185185185185,31.8518518518519,9.62962962962963,0.683498407271753,0.271674117491926,0.411824289779827,0,0,0,98.5185185185185,1.65968454079571
struct2020,구조: Kovalenko 2020 Model 1 (transit),Kovalenko 2020 Model 1,D1,lost_span,1192,20000,5.96,7.10242507299053,20.7439635344781,7.01703231758438,7.12974365480395,4.2836210446117,21.8678970006295,38.5551934386604,42.943406925071,45.7295332013164,4,3,2.8364810666572,1.74044771401194,0.949423571423381,0.989361096312327,-13.3005920657888,-2.62270880879143,14.0185833501164,0,-1,0.0314640841264849,0,99.244966442953,0,4.69798657718121,95.3020134228188,98.8255033557047,31.7114093959732,58.3892617449665,38.3389261744967,91.4429530201342,86.0738255033557,-1.01339161671121,-0.469641934314084,-0.543749682397121,99.6644295302013,0,0.0838926174496644,99.5805369127517,1.86370980897619
struct2020,구조: Kovalenko 2020 Model 1 (transit),Kovalenko 2020 Model 1,D1,stayed_reliable,14960,20000,74.8,89.1378180301496,15.0920382695622,14.1457520776894,5.53712301969163,4.50648480864065,14.2462279947358,20.8448253574315,35.2878734034021,37.6299999845214,3,4,3.18283053160913,3.23702578367753,0.935880648003551,0.934446065742406,0,0,0,0,0,0,43.0614973262032,32.9946524064171,16.6176470588235,11.4505347593583,45.4879679144385,32.8342245989305,30.1403743315508,15.5882352941176,53.0882352941176,49.4919786096257,26.096256684492,-0.214001310477256,-0.221386978690375,0.00738566821311911,56.8716577540107,0.00668449197860963,0,99.1377005347594,
struct2020,구조: Kovalenko 2020 Model 1 (transit),Kovalenko 2020 Model 1,D1,gained_from_span,616,20000,3.08,,13.6138511917088,17.2595532694832,7.55378557442933,6.30670890710088,21.6901906619314,21.2822949995752,35.2361516191158,38.5608185427263,3,4,1.82408912016395,2.91690012619068,0.988813306061088,0.92341043428304,3.64391410606913,-1.38479693903021,0,3.16808566241525,1,-0.0549505618147759,0,24.6753246753247,74.1883116883117,20.2922077922078,79.7077922077922,24.8376623376623,87.1753246753247,2.27272727272727,94.3181818181818,19.3181818181818,14.7727272727273,0.26663335729823,-0.263559649476997,0.530193006775227,100,0,0,99.1883116883117,0.502898668769631
struct2020,구조: Kovalenko 2020 Model 1 (transit),Kovalenko 2020 Model 1,D2,lost_span,1025,20000,5.125,6.10737055353632,20.7064343821257,6.78895412804559,6.99048824298054,4.11226307187782,21.8778898082674,38.1916301958263,42.534979891032,44.7737348675728,4,3,2.86493692408807,1.7638766076496,0.950222813702664,0.988643379418336,-13.4501932216808,-2.76940783822211,14.2160843815655,0,-1,0.0305351559770536,0,99.0243902439025,0,4.29268292682927,95.7073170731707,98.5365853658537,45.9512195121951,56.4878048780488,39.5121951219512,90.8292682926829,84.390243902439,-1.05223550498185,-0.508484842155648,-0.543750662826207,99.609756097561,0,0.0975609756097561,99.3170731707317,1.93514339736661
struct2020,구조: Kovalenko 2020 Model 1 (transit),Kovalenko 2020 Model 1,D2,stayed_reliable,15064,20000,75.32,89.7574927009474,15.1294524099794,14.0489905723371,5.55643118670643,4.36716321259187,14.2489145822474,20.9726241871249,35.3102665499318,37.6552131585777,3,4,3.16973208521167,3.25523330003235,0.93586076901413,0.932747551330145,0,0,0,0,0,0,42.7642060541689,34.9243228890069,17.2265002655337,9.61232076473712,47.623473181094,34.8247477429634,34.9044078597982,16.4232607541158,52.8013807753585,49.6946362187998,24.7477429633563,-0.242310680288899,-0.256173693036485,0.0138630127475855,57.1694105151354,0.00663834306956984,0,99.0507169410515,
struct2020,구조: Kovalenko 2020 Model 1 (transit),Kovalenko 2020 Model 1,D2,gained_from_span,677,20000,3.385,,13.6256618346088,16.997280664742,7.57395189472609,6.16856905363479,21.8024537228048,21.6106822472066,35.4671199261211,38.7331016389653,3,4,1.82088968333281,2.88570393558054,0.988847184702305,0.922818841405643,3.39797882270068,-1.51093944741391,0,3.23092494858429,1,-0.0575577499160379,0,27.3264401772526,71.9350073855244,16.6912850812408,83.3087149187592,28.2127031019202,91.5805022156573,2.21565731166913,94.0915805022157,20.2363367799114,13.8847858197932,0.222290453808176,-0.302868156570616,0.525158610378792,100,0,0,99.261447562777,0.423282508208025
struct2020,구조: Kovalenko 2020 Model 1 (transit),Kovalenko 2020 Model 1,D3,lost_span,1606,20000,8.03,9.56920693558958,20.1972980095889,6.68390841293149,6.71518679530463,3.94455449721538,20.7126676912885,34.6615822615568,41.2111403229646,41.2801413093694,4,3,2.80710808231682,1.7689248973538,0.951507921128774,0.989622387277137,-12.643077776127,-2.69056359785385,13.4596763812006,1.31877893954515,-1,0.029917806640681,0,99.3773349937734,0,3.17559153175592,96.8244084682441,99.06600249066,51.4321295143213,51.9302615193026,44.3960149439601,90.4109589041096,82.0672478206725,-1.02907053979257,-0.512827262685592,-0.516243277106981,99.813200498132,0,0.062266500622665,99.5018679950187,1.99338293674151
struct2020,구조: Kovalenko 2020 Model 1 (transit),Kovalenko 2020 Model 1,D3,stayed_reliable,14387,20000,71.935,85.7236489304654,15.1300576985814,10.5493380762637,5.51950586829434,3.50708246081396,20.0833612615243,28.0317855556496,35.4294511191547,37.9458423624747,3,4,3.20036986896388,3.23919399398427,0.935264922487628,0.934852794725526,-4.77148464554921,-1.30623386605055,6.3562151347287,0,0,0,12.4139848474317,58.1844720928616,21.0537290609578,13.9500938347119,73.6359213178564,58.2122749704595,49.961771043303,25.0017376798499,52.7420588030861,46.8617501911448,40.1890595676653,-0.419952813184925,-0.418024256052965,-0.00192855713195942,87.5651629943699,0.0139014387989157,0,98.9434906512824,
struct2020,구조: Kovalenko 2020 Model 1 (transit),Kovalenko 2020 Model 1,D3,gained_from_span,1046,20000,5.23,,13.723109569517,16.5677470231894,7.7234356255755,5.78066272440552,20.8167202149052,21.2070811188314,34.4431362806354,37.7924403029028,3,5,1.82113103081478,2.79869775051278,0.986311146440262,0.922034916796373,2.87665144866332,-2.21272176338498,0,3.27146683516912,1,-0.0508971681793079,0,37.7629063097514,61.7590822179732,10.2294455066922,89.7705544933078,40.0573613766731,94.0726577437859,5.16252390057361,88.527724665392,26.5774378585086,21.3193116634799,0.0720888901793314,-0.421291977671692,0.493380867851024,100,0,0,99.0439770554493,0.146112050297619
struct2020,구조: Kovalenko 2020 Model 1 (transit),Kovalenko 2020 Model 1,D4,lost_span,1148,20000,5.74,6.84025501996068,20.8474083403125,6.91828067949973,7.07965802094973,4.23292306288547,27.1315814186819,39.6787330897059,48.1565840658732,48.1534755432513,4,3,2.92530676547353,1.71202435192343,0.945434800247077,0.989792910381802,-13.6611839917023,-2.61432206658101,13.8775151907466,0,-1,0.0330695036422403,0,99.2160278745645,0,4.61672473867596,95.383275261324,98.7804878048781,10.7142857142857,60.7142857142857,36.1498257839721,91.0278745644599,88.6759581881533,-1.0602343431131,-0.475494411617734,-0.584739931495362,99.5644599303136,0,0.174216027874564,99.5644599303136,1.81317246523894
struct2020,구조: Kovalenko 2020 Model 1 (transit),Kovalenko 2020 Model 1,D4,stayed_reliable,14993,20000,74.965,89.3344455699219,15.075531931594,14.2719287788495,5.51883413032423,4.70694724301144,14.2480609928025,20.5375587102026,35.2601120537147,38.0927815590985,3,4,3.17545765771124,3.25294031554291,0.936525389456972,0.933065971281776,0,0,0,0,0,0,49.4697525511906,27.5395184419396,12.8059761221904,14.2066297605549,36.3236176882545,27.3927832988728,21.2032281731475,13.8131127859668,53.2181684786234,49.6164876942573,22.4838257853665,-0.17750554551892,-0.192269753913342,0.014764208394422,50.4635496565064,0.013339558460615,0,99.1129193623691,
struct2020,구조: Kovalenko 2020 Model 1 (transit),Kovalenko 2020 Model 1,D4,gained_from_span,614,20000,3.07,,13.6810981465969,17.4681185649242,7.61392893911434,5.47388780238244,21.7232680043671,21.8379238566849,35.3516518808901,39.5929722927976,3,4,1.81914148081576,3.0895593256392,0.987320750824453,0.912872782348922,4.01008592545986,-2.22710014939966,0,4.14751638813565,1,-0.0647440026699506,0,37.4592833876222,61.4006514657981,13.0293159609121,86.970684039088,37.4592833876222,87.2964169381108,2.28013029315961,94.299674267101,33.3876221498371,14.0065146579805,0.151809535734249,-0.433281287740697,0.585090823474947,100,0,0,99.8371335504886,0.25946319723941
vmax080_both,곡률: Vmax ×0.8 (양 군),Vmax x0.8 (both arms),Bminus,lost_span,981,20000,4.905,5.78249336870027,20.9930695844814,14.6491412371397,6.52978351066247,10.6937955682512,28.1462053032592,27.6882370859385,49.0707844593562,41.9814330106601,4,3,3.12727440819358,1.6637170660266,0.917502672386463,0.970628563161736,-6.66750376857817,3.4417670466779,0,-6.96824647672474,-1,0.0368774256402205,0,72.17125382263,27.217125382263,92.8644240570846,7.13557594291539,28.9500509683996,0,61.8756371049949,36.085626911315,69.2150866462793,66.8705402650357,-0.251756608086304,0.513849474086526,-0.765606082172829,0,0,16.2079510703364,99.8980632008155,0.328833082636707
vmax080_both,곡률: Vmax ×0.8 (양 군),Vmax x0.8 (both arms),Bminus,stayed_reliable,15770,20000,78.85,92.9560860595343,18.749264567974,20.3780608496163,5.52301499376255,5.82594107877863,20.0883243719582,14.2177182480809,41.0852842559107,41.06666953885,4,4,3.4826471093771,3.33573251594104,0.94293543844436,0.945772477067046,0,0,0,0,0,0,78.2117945466075,8.43373493975904,9.20735573874445,15.3646163601776,6.42358909321497,3.12618896639188,0.164870006341154,11.9403931515536,45.6436271401395,44.8890298034242,12.4667089410273,0.0269058469866158,0.0609934678839561,-0.0340876208973403,0,0,0,99.3785668991757,
vmax080_both,곡률: Vmax ×0.8 (양 군),Vmax x0.8 (both arms),Bminus,gained_from_span,217,20000,1.085,,13.9488235074095,28.2421784922481,8.29169325560994,11.0019897909731,41.3131488510408,21.3416221388616,55.4408139372245,55.4548863177188,3,5,1.72159043367065,2.61688711700185,0.989201726328178,0.943786815100991,14.2952632209053,1.87084206919553,-20.1024599377997,0,2,-0.0378135655890892,0,0.921658986175115,95.3917050691244,71.4285714285714,28.5714285714286,0.460829493087558,0.460829493087558,4.14746543778802,95.3917050691244,28.110599078341,12.9032258064516,0.689621059256437,0.162375047822872,0.527246011433565,0,0,0,99.5391705069125,1.30796828103332
vmax080_both,곡률: Vmax ×0.8 (양 군),Vmax x0.8 (both arms),D1,lost_span,1136,20000,5.68,6.69613910993221,21.4860251799691,7.303970933659,7.41483190029491,4.82539663417662,21.5576320032124,41.0915599095169,48.3100429687183,48.3068500976078,4,3,2.97076861844578,1.67362855501463,0.950719363691794,0.988033464907669,-14.2343190168031,-2.32407024456532,14.8579104669625,0,-1,0.0283842991705021,0,98.6795774647887,0,15.1408450704225,84.8591549295775,98.3274647887324,29.4894366197183,65.0528169014085,31.6021126760563,89.2605633802817,81.4260563380282,-1.04234589762421,-0.382022645865007,-0.660323251759201,99.8239436619718,0,0.704225352112676,99.6478873239437,1.57853883661864
vmax080_both,곡률: Vmax ×0.8 (양 군),Vmax x0.8 (both arms),D1,stayed_reliable,15226,20000,76.13,89.7494842322429,18.4079260331346,14.6202791016549,5.44707921056881,4.47116530179726,20.1378382244147,21.10310304421,41.1202662473079,41.1939119764138,4,4,3.51668443755538,3.54056560893932,0.94100225175856,0.937874697133598,0,-0.00565184976420219,0,0,0,0,31.0390122159464,33.0553001444897,22.560094575069,18.8296335216078,50.1313542624458,32.9305135951662,31.0455799290687,18.0152370944437,46.1775909628268,41.2583738342309,31.8074346512544,-0.21308053811808,-0.214288089017439,0.00120755089935897,68.9347169315644,0,0,99.1856035728359,
vmax080_both,곡률: Vmax ×0.8 (양 군),Vmax x0.8 (both arms),D1,gained_from_span,622,20000,3.11,,13.8705957259517,23.7944735463243,8.0637119753654,7.11566437232786,27.5658515696414,20.5492900365498,41.3780339923687,44.6041022446007,3,6,1.77607510131672,3.1865326956123,0.988696138353176,0.916438591646814,9.71544366434682,-1.25222659988542,-7.12652617355343,2.75510432687588,3,-0.0518171154193849,0,20.4180064308682,77.8135048231511,24.4372990353698,75.5627009646302,20.5787781350482,71.0610932475884,3.85852090032154,89.2282958199357,16.8810289389068,15.4340836012862,0.389538781726884,-0.270330122063161,0.659868903790045,100,0,0,99.8392282958199,0.590327532468216
vmax080_both,곡률: Vmax ×0.8 (양 군),Vmax x0.8 (both arms),D2,lost_span,1068,20000,5.34,6.29531388152078,21.5495321281487,6.90920033561997,7.4461090254734,4.49464829134032,21.6312065222301,41.9425337135326,48.3830168142449,48.5521440440789,4,3,2.9869762386875,1.67324335264387,0.946122581110234,0.987646666826158,-14.6170254279859,-2.71534430682752,16.6426448647399,0,-1,0.0320410400255817,0,98.9700374531835,0.280898876404494,10.8614232209738,89.1385767790262,98.5955056179775,43.0711610486891,65.4494382022472,31.4606741573034,88.1086142322097,82.1161048689139,-1.13787393602498,-0.461760838662349,-0.676113097362635,99.812734082397,0,0.468164794007491,99.438202247191,1.68296390125199
vmax080_both,곡률: Vmax ×0.8 (양 군),Vmax x0.8 (both arms),D2,stayed_reliable,15201,20000,76.005,89.6021220159151,18.4224318871275,14.4608126458479,5.46138784614275,4.29357752271385,20.1156163602136,21.2532235267572,41.1092490805313,41.1874912516214,4,4,3.51225065039433,3.58523397209599,0.941384174607318,0.935880016287611,0,-0.280086579910925,0,0,0,0,31.0900598644826,35.5568712584698,24.1234129333597,16.00552595224,52.9044141832774,35.4976646273272,38.9053351753174,19.0579567133741,46.1022301164397,41.6156831787382,30.2282744556279,-0.250149358631655,-0.26116344431663,0.0110140856849749,68.8836260772318,0,0,99.052693901717,
vmax080_both,곡률: Vmax ×0.8 (양 군),Vmax x0.8 (both arms),D2,gained_from_span,671,20000,3.355,,13.8746912339702,23.1200672443956,8.10854993299844,6.85559771742815,27.8084529852495,20.9647560054436,41.5235059279949,44.9151420891285,3,6,1.76643013525329,3.17811463050218,0.988682697090669,0.912633802747866,8.41685784352012,-1.76083660932917,-6.48325836635195,2.94593994366005,3,-0.0592368425199417,0,24.7391952309985,74.3666169895678,19.3740685543964,80.6259314456036,25.6333830104322,80.6259314456036,3.725782414307,88.9716840536513,19.2250372578241,15.946348733234,0.33322347035134,-0.342254408948086,0.675477879299425,100,0,0,99.7019374068554,0.4933151485241
vmax080_both,곡률: Vmax ×0.8 (양 군),Vmax x0.8 (both arms),D3,lost_span,1443,20000,7.215,8.50574712643678,21.1398885827512,6.77299703424797,6.93198427258724,4.26732116426929,20.8162730108015,37.7320814826526,42.2164534647018,44.4682926353998,4,3,2.98151223675103,1.67446228732691,0.948960071805462,0.98738257650963,-14.2319552844856,-2.46588192682676,16.1599972159602,0,-1,0.0311024516442602,0,99.5841995841996,0.0693000693000693,12.2661122661123,87.7338877338877,99.1683991683992,47.0547470547471,61.2612612612613,35.5509355509356,88.2189882189882,79.5564795564796,-1.1120018648746,-0.437662963958257,-0.674338900916345,99.8613998613999,0,0.554400554400554,99.3069993069993,1.64902523547659
vmax080_both,곡률: Vmax ×0.8 (양 군),Vmax x0.8 (both arms),D3,stayed_reliable,14688,20000,73.44,86.57824933687,18.5133490046137,12.5542398102116,5.44707921056881,3.63721488509275,20.2063348672818,28.1267683827318,41.2292259496171,41.3928281089757,4,4,3.52356565881589,3.54664736544568,0.941078839594321,0.935435130722173,-2.92420927458443,-1.13233478873337,3.67631599120796,1.11598122934811,0,-0.00236876651248158,6.91721132897604,52.5190631808279,28.5539215686275,21.0035403050109,72.0792483660131,52.662037037037,50.1021241830065,26.0757080610022,45.9354575163399,38.1535947712418,41.5032679738562,-0.379795453702454,-0.373802462793288,-0.00599299090916578,93.0964052287582,0,0,99.0400326797386,
vmax080_both,곡률: Vmax ×0.8 (양 군),Vmax x0.8 (both arms),D3,gained_from_span,830,20000,4.15,,13.8559258258902,17.7741633429541,8.16216005507339,5.99702618979809,27.0204757286701,21.3932626664173,41.1146290486213,44.1753642193507,3,5,1.75908065580192,3.00127050981971,0.98551410894975,0.909961842621934,3.97535222000442,-2.50345605607035,0,3.06497359625064,2,-0.0582417802146369,0,33.855421686747,65.5421686746988,14.578313253012,85.421686746988,37.1084337349398,84.0963855421687,4.57831325301205,87.1084337349398,23.3734939759036,19.6385542168675,0.182264663537738,-0.459481004037097,0.641745667574836,100,0,0,99.7590361445783,0.284013858989526
vmax080_both,곡률: Vmax ×0.8 (양 군),Vmax x0.8 (both arms),D4,lost_span,1102,20000,5.51,6.4957264957265,21.5471894554794,7.18675131048076,7.44588699202458,4.66409227292637,21.8119772304781,41.3579198874068,48.4964171678294,48.4931551641785,4,3,2.9936718034741,1.68512291557037,0.945436102874143,0.987848791153788,-14.5650644893758,-2.47234974307921,15.0093487559352,0,-1,0.0307386896316622,0,99.6370235934664,0,11.524500907441,88.475499092559,99.3647912885663,9.98185117967332,66.0617059891107,31.6696914700544,90.7441016333938,86.2068965517241,-1.08772189833287,-0.414674957399792,-0.673046940933083,99.8185117967332,0,0.362976406533575,99.7277676950998,1.61611595295999
vmax080_both,곡률: Vmax ×0.8 (양 군),Vmax x0.8 (both arms),D4,stayed_reliable,15238,20000,76.19,89.8202180960802,18.4204928610707,14.7127831070684,5.45022133716172,4.58119956086024,20.1378382244147,20.7806067585479,41.0968000406865,41.1316225710325,4,4,3.51488414101449,3.57397361107277,0.941801077888504,0.937356017116557,0,0,0,0,0,0,36.1924137025856,29.3279957999738,18.3226145163407,20.7835673972962,43.0240189001181,29.203307520672,22.5817036356477,16.6294789342433,46.1477884236777,41.5343220895131,28.9145557159732,-0.186523040105425,-0.195439810293185,0.00891677018775976,63.7616485103032,0.00656254101588135,0,99.1337445859037,
vmax080_both,곡률: Vmax ×0.8 (양 군),Vmax x0.8 (both arms),D4,gained_from_span,596,20000,2.98,,13.8966734413989,21.1961322801653,8.16655607362469,6.50454876818388,27.5909357320052,21.2165679407772,41.3869648564141,45.715117197251,3,5,1.76351007378627,3.31774214484661,0.986500681903051,0.904056487278019,7.23876966279931,-2.21792943384163,-6.35037034627749,3.87484341254458,2,-0.0644923483752561,0,30.5369127516779,68.4563758389262,19.7986577181208,80.2013422818792,30.5369127516779,70.1342281879195,5.70469798657718,87.0805369127517,26.1744966442953,15.7718120805369,0.293593500821848,-0.436927238640503,0.730520739462351,100,0,0,99.496644295302,0.401896188516054
vmax125_both,곡률: Vmax ×1.25 (양 군),Vmax x1.25 (both arms),Bminus,lost_span,150,20000,0.75,1.03727266440772,20.0656717759557,14.5048930717167,6.12020454024137,10.6668805450177,28.5272497776896,27.5483844901901,48.926815215731,41.9954356297385,4,3,3.19500945298388,1.56793482923051,0.903932130975981,0.961847457090849,-6.03016359824687,3.86858364582847,0,-6.8787196232006,-1,0.0334942766570961,0,68,32,94.6666666666667,5.33333333333333,22,0,56,43.3333333333333,69.3333333333333,64,-0.189128275236857,0.612805438062625,-0.801933713299481,0,0,25.3333333333333,99.3333333333333,0.235840284677278
vmax125_both,곡률: Vmax ×1.25 (양 군),Vmax x1.25 (both arms),Bminus,stayed_reliable,14278,20000,71.39,98.7345273494226,14.5565346764051,14.5887396648759,4.76709090402248,4.79784546838021,13.8089795959531,13.8044517813833,28.4872461201157,28.4872461201157,3,3,3.29231304032249,3.27115655038719,0.940182176188589,0.940246599027287,0,0,0,0,0,0,97.6047065415324,0.994537050007004,1.19764672923379,1.91203249754868,0.483260960918896,0.259139935565205,0.105056730634543,1.10659756268385,56.3734416584956,56.0442639025074,1.27468833169912,0.00319571156424672,0.00955845363828856,-0.00636274207404184,0,0,0,99.2085726292198,
vmax125_both,곡률: Vmax ×1.25 (양 군),Vmax x1.25 (both arms),Bminus,gained_from_span,10,20000,0.05,,14.2453441771213,28.4263834642479,7.92281212839285,10.8477004956686,38.7462447106373,24.0416621959303,55.6086192468647,55.6086192468647,3,4.5,1.79682951202694,2.49394457918517,0.996327221929938,0.946745698165894,10.2825755528174,1.72231922877083,-10.2825755528174,0,0.5,-0.0358402051520835,0,10,80,80,20,10,0,20,80,30,20,0.519979887289039,0.184259438273619,0.33572044901542,0,0,0,100,1.54884782506995
vmax125_both,곡률: Vmax ×1.25 (양 군),Vmax x1.25 (both arms),D1,lost_span,249,20000,1.245,1.72187262291681,20.6819913629442,7.21752173034474,6.77056832330593,4.63530298346777,21.3361129909754,37.1260242136195,42.1416624225676,44.3943783016875,4,3,2.92059832141586,1.741217156517,0.951920965261738,0.989755565441887,-12.4125521732494,-2.17990897360809,13.8819213167299,0,-1,0.0296381511410828,0,98.3935742971888,0.401606425702811,17.6706827309237,82.3293172690763,95.9839357429719,48.995983935743,56.6265060240964,39.7590361445783,91.566265060241,82.3293172690763,-0.972605744062631,-0.345356906462047,-0.627248837600584,97.5903614457831,0,2.00803212851406,97.1887550200803,1.55058995052608
vmax125_both,곡률: Vmax ×1.25 (양 군),Vmax x1.25 (both arms),D1,stayed_reliable,13789,20000,68.945,95.3530184634534,14.5382736502215,14.3294408633374,4.73902774310762,4.4419538617759,13.7909064126434,13.8115546726622,28.4011870757677,28.4033301984891,3,3,3.30641865651335,3.3929938518791,0.939800691358913,0.937076067850164,0,0,0,0,0,0,76.8076002610777,11.1973312060338,9.63811733990862,4.75016317354413,18.4422365653782,11.0087751105954,15.1207484226557,5.96852563637682,56.4362897962144,54.5942417869316,10.0659946334034,-0.0647115112049324,-0.0822503227868669,0.0175388115819345,22.9893393284502,0.00725215751686127,0,98.9484371600551,
vmax125_both,곡률: Vmax ×1.25 (양 군),Vmax x1.25 (both arms),D1,gained_from_span,241,20000,1.205,,13.8646903056651,17.5057309088297,8.01881785679866,6.12688486850771,21.0667092623189,21.129042014014,34.901078840252,38.3589840484783,3,4,1.78805106632338,3.0755857792738,0.984508389702756,0.906481757657601,3.37958132987842,-2.21084029713913,0,3.19378904299811,1,-0.0582235902786563,0,29.045643153527,70.5394190871369,7.46887966804979,92.5311203319502,29.4605809128631,97.9253112033195,9.95850622406639,83.402489626556,25.7261410788382,22.8215767634855,0.167695932279264,-0.454118289109982,0.621814221389246,100,0,0,97.5103734439834,0.269688158473766
vmax125_both,곡률: Vmax ×1.25 (양 군),Vmax x1.25 (both arms),D2,lost_span,215,20000,1.075,1.48675748565106,20.6819913629442,7.22306984802708,6.59179402385087,4.65125893919091,21.2668509883806,35.6191127919592,41.8953052824363,42.6606797017157,4,3,2.94721585710215,1.74304638875174,0.951920965261738,0.989995672390381,-12.3577687963843,-2.23504975034475,13.8957044763956,1.66535891033709,-1,0.0304371975928321,0,99.5348837209302,0.465116279069768,17.2093023255814,82.7906976744186,96.7441860465116,60.4651162790698,56.2790697674419,41.3953488372093,93.4883720930233,83.2558139534884,-0.977581771784158,-0.344260007103174,-0.633321764680984,97.2093023255814,0,1.3953488372093,96.2790697674419,1.54357836142989
vmax125_both,곡률: Vmax ×1.25 (양 군),Vmax x1.25 (both arms),D2,stayed_reliable,13809,20000,69.045,95.4913214853745,14.5404082955793,14.3141939287307,4.74242026601198,4.42331372090687,13.7923603213858,13.8128986997763,28.4040136807598,28.4085627081804,3,3,3.30580860550162,3.40224974860908,0.939800691358913,0.937071105688121,0,0,0,0,0,0,76.6963574480411,11.6228546600043,9.74726627561735,4.38120066623217,18.9224418857267,11.44181331016,16.1561300601057,6.11195597074372,56.3328264175538,54.6237960750235,10.0007241653994,-0.0696885527827159,-0.0889585885465463,0.0192700357638304,23.1008762401333,0.00724165399377218,0,98.920993554928,
vmax125_both,곡률: Vmax ×1.25 (양 군),Vmax x1.25 (both arms),D2,gained_from_span,246,20000,1.23,,13.8674348355271,17.440733050229,8.01311261504339,6.10649265587085,21.116937966086,21.1334940679371,34.9228348236065,38.3687738587614,3,4,1.78631072746375,3.13508930520366,0.984764217545257,0.906715493209841,3.36309927422553,-2.21669712658988,0,3.20472720055841,1,-0.05837716672369,0,30.0813008130081,69.9186991869919,7.72357723577236,92.2764227642276,30.4878048780488,98.3739837398374,9.75609756097561,83.739837398374,26.4227642276423,22.3577235772358,0.164704851099474,-0.460986924139679,0.625691775239153,100,0,0,97.5609756097561,0.263236401080261
vmax125_both,곡률: Vmax ×1.25 (양 군),Vmax x1.25 (both arms),D3,lost_span,479,20000,2.395,3.31235737500864,18.5037294538924,6.79614719981328,6.27356994623656,4.16081022652103,14.2049582256004,30.5190506586805,35.0450076991692,37.252806135919,4,3,2.84716106350705,1.75217588523941,0.950778052763666,0.990957140361125,-9.35356749640778,-1.83009805543432,11.1752324845875,1.65438090404496,0,0.0316756033791072,0,100,0,11.0647181628392,88.9352818371608,98.5386221294363,59.4989561586639,49.6868475991649,47.5991649269311,93.9457202505219,83.7160751565762,-0.955008544649769,-0.371996774190934,-0.583011770458836,99.1649269311065,0,0.626304801670146,98.329853862213,1.63806048700898
vmax125_both,곡률: Vmax ×1.25 (양 군),Vmax x1.25 (both arms),D3,stayed_reliable,13146,20000,65.73,90.9065763086924,14.5353524994571,13.512567705824,4.71699178262778,3.85363794467018,13.7797386496677,13.9180974230985,28.374618479982,30.6508882462513,3,4,3.32364812177664,3.54027010346326,0.939980216097055,0.934010579452397,0,0,0,0,0,0,41.7693595009889,30.1840864141184,21.8393427658603,11.0223642172524,47.2082762817587,30.0167351285562,37.6464323748669,13.9129773315077,55.986611897155,49.1860642020387,25.5895329377758,-0.181807786805161,-0.221218137911266,0.0394103511061057,58.1545717328465,0.0228206298493838,0,98.7372584816674,
vmax125_both,곡률: Vmax ×1.25 (양 군),Vmax x1.25 (both arms),D3,gained_from_span,711,20000,3.555,,13.836844937061,16.6265515965642,8.27018897774234,5.24596651073772,14.0860928379698,20.0314743639901,28.246949815657,31.5349960597232,3,4,1.76181649589467,2.92664103334235,0.962899271755692,0.908901583621673,2.72876170882955,-3.07269894473415,0,3.22935979114845,1,-0.039270556041658,0,41.3502109704641,58.6497890295359,3.51617440225035,96.4838255977497,43.0379746835443,98.5935302390999,9.70464135021097,82.5597749648383,36.4275668073137,35.3023909985935,0.0238618025704166,-0.57091863309214,0.594780435662557,100,0,0,98.1715893108298,0.0401186742866478
vmax125_both,곡률: Vmax ×1.25 (양 군),Vmax x1.25 (both arms),D4,lost_span,205,20000,1.025,1.41760597469055,20.4884379412979,6.95831695804372,6.50636718620362,4.22413823120528,21.4838413982652,35.8524535852484,42.1940707103349,42.5064725396223,4,3,3.08871988637234,1.6788209447982,0.939512612473416,0.98630758833561,-13.1803122060373,-2.07670606995525,13.5658985017799,0,-1,0.0381331076271336,0,98.0487804878049,0.487804878048781,18.0487804878049,81.9512195121951,95.609756097561,15.1219512195122,57.5609756097561,40,94.6341463414634,87.3170731707317,-1.04279480470845,-0.360411674312794,-0.682383130395653,97.0731707317073,0,1.46341463414634,97.0731707317073,1.52816615513901
vmax125_both,곡률: Vmax ×1.25 (양 군),Vmax x1.25 (both arms),D4,stayed_reliable,13875,20000,69.375,95.9477214577139,14.5386523626512,14.3546400554478,4.73768156006033,4.50196928125266,13.7941468070494,13.8117820107145,28.4198552821763,28.4189926856197,3,3,3.30561187613116,3.3905969818807,0.940193652459347,0.937704522554592,0,0,0,0,0,0,80.972972972973,8.92252252252252,6.67387387387387,5.1027027027027,13.9243243243243,8.71351351351351,10.0612612612613,4.97297297297297,56.5117117117117,55.0198198198198,8.19459459459459,-0.050600807997336,-0.0675276560611476,0.0169268480638116,18.8540540540541,0,0,98.990990990991,
vmax125_both,곡률: Vmax ×1.25 (양 군),Vmax x1.25 (both arms),D4,gained_from_span,206,20000,1.03,,13.8648312808946,17.8128305842013,8.02301792645413,5.43161749488783,21.3671141613741,21.510009852238,35.1911161602475,39.3284132517874,3,4,1.78077831063591,3.3268469774829,0.984785610995899,0.901623402696146,3.78316520224325,-2.94386004700143,0,4.08801988426906,1,-0.0647210813313429,0,37.8640776699029,61.1650485436893,8.7378640776699,91.2621359223301,38.8349514563107,91.747572815534,8.7378640776699,86.4077669902913,33.9805825242718,26.6990291262136,0.141369962330838,-0.573562822337101,0.714932784667939,100,0,0,98.0582524271845,0.19773881595946
