scenario,config,n_trials,pass_pct,lo,hi,mechanism,direction,target,multiplier,auc_ratio,cmax_ratio,model
F_down_080,P2,10000,3.71,3.35697349886415,4.09857707029309,F,down,0.8,0.872152535936487,0.79988525403249,0.852080931927538,k2016
F_down_080,F3A,10000,2.69,2.39060287545787,3.02573105037555,F,down,0.8,0.872152535936487,0.79988525403249,0.852080931927538,k2016
F_down_080,F3B,10000,3.48,3.13828027939255,3.8574469290152,F,down,0.8,0.872152535936487,0.79988525403249,0.852080931927538,k2016
F_down_080,F3C,10000,3.51,3.16678252489739,3.88892164360812,F,down,0.8,0.872152535936487,0.79988525403249,0.852080931927538,k2016
F_down_080,G2,10000,7.35,6.85475025018411,7.8780048108346,F,down,0.8,0.872152535936487,0.79988525403249,0.852080931927538,k2016
F_down_080,AUClast_only,10000,3.8,3.44265516422164,4.19282628522888,F,down,0.8,0.872152535936487,0.79988525403249,0.852080931927538,k2016
F_down_080,AUCinf_only,10000,9.49,8.93103553569833,10.0800760122939,F,down,0.8,0.872152535936487,0.79988525403249,0.852080931927538,k2016
F_up_125,P2,10000,3.24,2.91052689302443,3.60538463460124,F,up,1.25,1.15149083830699,1.25010656509896,1.17552651005478,k2016
F_up_125,F3A,10000,2.63,2.33407796968369,2.96230203595421,F,up,1.25,1.15149083830699,1.25010656509896,1.17552651005478,k2016
F_up_125,F3B,10000,3.11,2.78736859331087,3.46864277389118,F,up,1.25,1.15149083830699,1.25010656509896,1.17552651005478,k2016
F_up_125,F3C,10000,3.14,2.81577609284945,3.50021223445036,F,up,1.25,1.15149083830699,1.25010656509896,1.17552651005478,k2016
F_up_125,G2,10000,7.4,6.90313456019223,7.92958210098942,F,up,1.25,1.15149083830699,1.25010656509896,1.17552651005478,k2016
F_up_125,AUClast_only,10000,3.34,3.00536558690763,3.71046914104391,F,up,1.25,1.15149083830699,1.25010656509896,1.17552651005478,k2016
F_up_125,AUCinf_only,10000,9.1,8.55189148953229,9.67951957718906,F,up,1.25,1.15149083830699,1.25010656509896,1.17552651005478,k2016
V2_up_080,P2,10000,3.97,3.60465114473627,4.37069974526822,V2,up,0.8,3.21003979693093,0.799717812019852,0.962983911224041,k2016
V2_up_080,F3A,10000,1.96,1.70618120834513,2.25071335510948,V2,up,0.8,3.21003979693093,0.799717812019852,0.962983911224041,k2016
V2_up_080,F3B,10000,2.74,2.43773866715423,3.07855685884212,V2,up,0.8,3.21003979693093,0.799717812019852,0.962983911224041,k2016
V2_up_080,F3C,10000,3.35,3.01485414257931,3.72097290540482,V2,up,0.8,3.21003979693093,0.799717812019852,0.962983911224041,k2016
V2_up_080,G2,10000,4.03,3.66187206390807,4.43343274629193,V2,up,0.8,3.21003979693093,0.799717812019852,0.962983911224041,k2016
V2_up_080,AUClast_only,10000,3.97,3.60465114473627,4.37069974526822,V2,up,0.8,3.21003979693093,0.799717812019852,0.962983911224041,k2016
V2_up_080,AUCinf_only,10000,4.03,3.66187206390807,4.43343274629193,V2,up,0.8,3.21003979693093,0.799717812019852,0.962983911224041,k2016
Vmax_down_125,P2,10000,2.67,2.37175657034417,3.00459271542408,Vmax,down,1.25,0.660178624277622,1.25088393369916,1.0544021629266,k2016
Vmax_down_125,F3A,10000,2.65,2.35291491804175,2.98344972766133,Vmax,down,1.25,0.660178624277622,1.25088393369916,1.0544021629266,k2016
Vmax_down_125,F3B,10000,2.64,2.34349585263643,2.97287647303405,Vmax,down,1.25,0.660178624277622,1.25088393369916,1.0544021629266,k2016
Vmax_down_125,F3C,10000,2.64,2.34349585263643,2.97287647303405,Vmax,down,1.25,0.660178624277622,1.25088393369916,1.0544021629266,k2016
Vmax_down_125,G2,10000,24.58,23.7459837064685,25.4335387706967,Vmax,down,1.25,0.660178624277622,1.25088393369916,1.0544021629266,k2016
Vmax_down_125,AUClast_only,10000,2.67,2.37175657034417,3.00459271542408,Vmax,down,1.25,0.660178624277622,1.25088393369916,1.0544021629266,k2016
Vmax_down_125,AUCinf_only,10000,24.58,23.7459837064685,25.4335387706967,Vmax,down,1.25,0.660178624277622,1.25088393369916,1.0544021629266,k2016
Vmax_up_080,P2,10000,2.25,1.97714552453257,2.55952631986704,Vmax,up,0.8,1.39486202241965,0.799417254503779,0.93845337546823,k2016
Vmax_up_080,F3A,10000,2.07,1.80879636235755,2.36801372145551,Vmax,up,0.8,1.39486202241965,0.799417254503779,0.93845337546823,k2016
Vmax_up_080,F3B,10000,2.25,1.97714552453257,2.55952631986704,Vmax,up,0.8,1.39486202241965,0.799417254503779,0.93845337546823,k2016
Vmax_up_080,F3C,10000,2.06,1.79945903728368,2.3573587264968,Vmax,up,0.8,1.39486202241965,0.799417254503779,0.93845337546823,k2016
Vmax_up_080,G2,10000,22.46,21.6527345082812,23.2884161219756,Vmax,up,0.8,1.39486202241965,0.799417254503779,0.93845337546823,k2016
Vmax_up_080,AUClast_only,10000,2.25,1.97714552453257,2.55952631986704,Vmax,up,0.8,1.39486202241965,0.799417254503779,0.93845337546823,k2016
Vmax_up_080,AUCinf_only,10000,22.52,21.711937131225,23.3491674192274,Vmax,up,0.8,1.39486202241965,0.799417254503779,0.93845337546823,k2016
ka_down_080,P2,10000,0,0,0.0383998370676596,ka,down,0.8,0.440433361793372,0.799297411482507,0.631952944916229,k2016
ka_down_080,F3A,10000,0,0,0.0383998370676596,ka,down,0.8,0.440433361793372,0.799297411482507,0.631952944916229,k2016
ka_down_080,F3B,10000,0,0,0.0383998370676596,ka,down,0.8,0.440433361793372,0.799297411482507,0.631952944916229,k2016
ka_down_080,F3C,10000,0,0,0.0383998370676596,ka,down,0.8,0.440433361793372,0.799297411482507,0.631952944916229,k2016
ka_down_080,G2,10000,0,0,0.0383998370676596,ka,down,0.8,0.440433361793372,0.799297411482507,0.631952944916229,k2016
ka_down_080,AUClast_only,10000,4.74,4.34061872899106,5.17414080352259,ka,down,0.8,0.440433361793372,0.799297411482507,0.631952944916229,k2016
ka_down_080,AUCinf_only,10000,35.84,34.9057397695534,36.7851350643042,ka,down,0.8,0.440433361793372,0.799297411482507,0.631952944916229,k2016
ke_down_125,P2,10000,3.37,3.03383376227813,3.74197792577116,ke,down,1.25,0.632567348266282,1.24933521039854,1.06710162104024,k2016
ke_down_125,F3A,10000,2.24,1.96777955898322,2.54889996538381,ke,down,1.25,0.632567348266282,1.24933521039854,1.06710162104024,k2016
ke_down_125,F3B,10000,2.94,2.62655482136773,3.28958710528035,ke,down,1.25,0.632567348266282,1.24933521039854,1.06710162104024,k2016
ke_down_125,F3C,10000,3.23,2.90104779296325,3.59487141462984,ke,down,1.25,0.632567348266282,1.24933521039854,1.06710162104024,k2016
ke_down_125,G2,10000,6.95,6.46792901937774,7.46513324033752,ke,down,1.25,0.632567348266282,1.24933521039854,1.06710162104024,k2016
ke_down_125,AUClast_only,10000,3.37,3.03383376227813,3.74197792577116,ke,down,1.25,0.632567348266282,1.24933521039854,1.06710162104024,k2016
ke_down_125,AUCinf_only,10000,6.95,6.46792901937774,7.46513324033752,ke,down,1.25,0.632567348266282,1.24933521039854,1.06710162104024,k2016
ke_up_080,P2,10000,3.67,3.31891143201197,4.05666985701492,ke,up,0.8,1.47110350143772,0.800334236753497,0.929468091140586,k2016
ke_up_080,F3A,10000,2.29,2.01462421562277,2.60201690890719,ke,up,0.8,1.47110350143772,0.800334236753497,0.929468091140586,k2016
ke_up_080,F3B,10000,3.26,2.92948772531078,3.62640844238006,ke,up,0.8,1.47110350143772,0.800334236753497,0.929468091140586,k2016
ke_up_080,F3C,10000,3.47,3.1287811116642,3.84695377671097,ke,up,0.8,1.47110350143772,0.800334236753497,0.929468091140586,k2016
ke_up_080,G2,10000,5.71,5.27199916019718,6.18201541547736,ke,up,0.8,1.47110350143772,0.800334236753497,0.929468091140586,k2016
ke_up_080,AUClast_only,10000,3.67,3.31891143201197,4.05666985701492,ke,up,0.8,1.47110350143772,0.800334236753497,0.929468091140586,k2016
ke_up_080,AUCinf_only,10000,5.71,5.27199916019718,6.18201541547736,ke,up,0.8,1.47110350143772,0.800334236753497,0.929468091140586,k2016
F_down_080,P2,10000,3.7,3.34745689092521,4.08810135819944,F,down,0.8,0.871335777735966,0.799619025640266,0.852142118063974,k2020
F_down_080,F3A,10000,3.03,2.71165660692543,3.38441620001593,F,down,0.8,0.871335777735966,0.799619025640266,0.852142118063974,k2020
F_down_080,F3B,10000,3.55,3.20479646366061,3.93087698497525,F,down,0.8,0.871335777735966,0.799619025640266,0.852142118063974,k2020
F_down_080,F3C,10000,3.56,3.21430188156563,3.94136388710281,F,down,0.8,0.871335777735966,0.799619025640266,0.852142118063974,k2020
F_down_080,G2,10000,8.33,7.80426192331542,8.88774050089677,F,down,0.8,0.871335777735966,0.799619025640266,0.852142118063974,k2020
F_down_080,AUClast_only,10000,3.74,3.38552764822138,4.12999988103362,F,down,0.8,0.871335777735966,0.799619025640266,0.852142118063974,k2020
F_down_080,AUCinf_only,10000,9.57,9.00884575359231,10.1622043546606,F,down,0.8,0.871335777735966,0.799619025640266,0.852142118063974,k2020
F_up_125,P2,10000,3.41,3.07180293534988,3.78397803282977,F,up,1.25,1.15294080629446,1.25037238459433,1.17607904174935,k2020
F_up_125,F3A,10000,2.67,2.37175657034417,3.00459271542408,F,up,1.25,1.15294080629446,1.25037238459433,1.17607904174935,k2020
F_up_125,F3B,10000,3.22,2.89156957552651,3.58435731203399,F,up,1.25,1.15294080629446,1.25037238459433,1.17607904174935,k2020
F_up_125,F3C,10000,3.26,2.92948772531078,3.62640844238006,F,up,1.25,1.15294080629446,1.25037238459433,1.17607904174935,k2020
F_up_125,G2,10000,7.88,7.36796177532672,8.42438624741908,F,up,1.25,1.15294080629446,1.25037238459433,1.17607904174935,k2020
F_up_125,AUClast_only,10000,3.43,3.09079243265577,3.80497317558904,F,up,1.25,1.15294080629446,1.25037238459433,1.17607904174935,k2020
F_up_125,AUCinf_only,10000,8.94,8.39643468487857,9.51509926132139,F,up,1.25,1.15294080629446,1.25037238459433,1.17607904174935,k2020
V2_up_080,P2,10000,5.32,4.89702817745753,5.77728591694613,V2,up,0.8,2.27730854120339,0.79979742585522,0.890882568755657,k2020
V2_up_080,F3A,10000,1.02,0.841015237783062,1.23660124260842,V2,up,0.8,2.27730854120339,0.79979742585522,0.890882568755657,k2020
V2_up_080,F3B,10000,3.5,3.1572809892696,3.87843085920333,V2,up,0.8,2.27730854120339,0.79979742585522,0.890882568755657,k2020
V2_up_080,F3C,10000,4.86,4.45560655083166,5.29906082207302,V2,up,0.8,2.27730854120339,0.79979742585522,0.890882568755657,k2020
V2_up_080,G2,10000,1.1,0.91352699531944,1.32402804533273,V2,up,0.8,2.27730854120339,0.79979742585522,0.890882568755657,k2020
V2_up_080,AUClast_only,10000,5.34,4.91624202232057,5.79805671214826,V2,up,0.8,2.27730854120339,0.79979742585522,0.890882568755657,k2020
V2_up_080,AUCinf_only,10000,1.1,0.91352699531944,1.32402804533273,V2,up,0.8,2.27730854120339,0.79979742585522,0.890882568755657,k2020
Vmax_down_125,P2,10000,2.72,2.4188809476051,3.05742993832608,Vmax,down,1.25,0.651331501646086,1.25092658233271,1.05342570107931,k2020
Vmax_down_125,F3A,10000,2.71,2.4094537831905,3.04686478270809,Vmax,down,1.25,0.651331501646086,1.25092658233271,1.05342570107931,k2020
Vmax_down_125,F3B,10000,2.7,2.40002775709775,3.03629848876825,Vmax,down,1.25,0.651331501646086,1.25092658233271,1.05342570107931,k2020
Vmax_down_125,F3C,10000,2.72,2.4188809476051,3.05742993832608,Vmax,down,1.25,0.651331501646086,1.25092658233271,1.05342570107931,k2020
Vmax_down_125,G2,10000,27.6,26.7325907809694,28.484612346037,Vmax,down,1.25,0.651331501646086,1.25092658233271,1.05342570107931,k2020
Vmax_down_125,AUClast_only,10000,2.72,2.4188809476051,3.05742993832608,Vmax,down,1.25,0.651331501646086,1.25092658233271,1.05342570107931,k2020
Vmax_down_125,AUCinf_only,10000,27.61,26.7424888159396,28.4947066310993,Vmax,down,1.25,0.651331501646086,1.25092658233271,1.05342570107931,k2020
Vmax_up_080,P2,10000,2.76,2.4566008678009,3.09967929826063,Vmax,up,0.8,1.3969545986339,0.80009024618209,0.941322121145971,k2020
Vmax_up_080,F3A,10000,2.64,2.34349585263643,2.97287647303405,Vmax,up,0.8,1.3969545986339,0.80009024618209,0.941322121145971,k2020
Vmax_up_080,F3B,10000,2.76,2.4566008678009,3.09967929826063,Vmax,up,0.8,1.3969545986339,0.80009024618209,0.941322121145971,k2020
Vmax_up_080,F3C,10000,2.72,2.4188809476051,3.05742993832608,Vmax,up,0.8,1.3969545986339,0.80009024618209,0.941322121145971,k2020
Vmax_up_080,G2,10000,23.29,22.4719164293625,24.128596763599,Vmax,up,0.8,1.3969545986339,0.80009024618209,0.941322121145971,k2020
Vmax_up_080,AUClast_only,10000,2.76,2.4566008678009,3.09967929826063,Vmax,up,0.8,1.3969545986339,0.80009024618209,0.941322121145971,k2020
Vmax_up_080,AUCinf_only,10000,23.32,22.5015338804707,24.1589562725886,Vmax,up,0.8,1.3969545986339,0.80009024618209,0.941322121145971,k2020
ka_down_080,P2,10000,0,0,0.0383998370676596,ka,down,0.8,0.424232725036545,0.800570249731887,0.632507704543837,k2020
ka_down_080,F3A,10000,0,0,0.0383998370676596,ka,down,0.8,0.424232725036545,0.800570249731887,0.632507704543837,k2020
ka_down_080,F3B,10000,0,0,0.0383998370676596,ka,down,0.8,0.424232725036545,0.800570249731887,0.632507704543837,k2020
ka_down_080,F3C,10000,0,0,0.0383998370676596,ka,down,0.8,0.424232725036545,0.800570249731887,0.632507704543837,k2020
ka_down_080,G2,10000,0,0,0.0383998370676596,ka,down,0.8,0.424232725036545,0.800570249731887,0.632507704543837,k2020
ka_down_080,AUClast_only,10000,5.07,4.65700404698355,5.51750204660545,ka,down,0.8,0.424232725036545,0.800570249731887,0.632507704543837,k2020
ka_down_080,AUCinf_only,10000,36.53,35.5915890377664,37.4787558783396,ka,down,0.8,0.424232725036545,0.800570249731887,0.632507704543837,k2020
ke_down_125,P2,10000,3.68,3.32842585465914,4.06714775440034,ke,down,1.25,0.642602940228105,1.2495748835008,1.06352537123811,k2020
ke_down_125,F3A,10000,2.8,2.49433852488692,3.14191092130495,ke,down,1.25,0.642602940228105,1.2495748835008,1.06352537123811,k2020
ke_down_125,F3B,10000,3.1,2.77790128565555,3.45811776151391,ke,down,1.25,0.642602940228105,1.2495748835008,1.06352537123811,k2020
ke_down_125,F3C,10000,3.58,3.23331501535284,3.96233539338078,ke,down,1.25,0.642602940228105,1.2495748835008,1.06352537123811,k2020
ke_down_125,G2,10000,10.02,9.44675352131366,10.6239509884056,ke,down,1.25,0.642602940228105,1.2495748835008,1.06352537123811,k2020
ke_down_125,AUClast_only,10000,3.68,3.32842585465914,4.06714775440034,ke,down,1.25,0.642602940228105,1.2495748835008,1.06352537123811,k2020
ke_down_125,AUCinf_only,10000,10.02,9.44675352131366,10.6239509884056,ke,down,1.25,0.642602940228105,1.2495748835008,1.06352537123811,k2020
ke_up_080,P2,10000,3.77,3.41408822781961,4.16141626153315,ke,up,0.8,1.45683866187482,0.800201954152666,0.933475925199342,k2020
ke_up_080,F3A,10000,2.54,2.24937133385934,2.86707779148528,ke,up,0.8,1.45683866187482,0.800201954152666,0.933475925199342,k2020
ke_up_080,F3B,10000,3.46,3.11928273979537,3.83645982854721,ke,up,0.8,1.45683866187482,0.800201954152666,0.933475925199342,k2020
ke_up_080,F3C,10000,3.65,3.29988479203343,4.03571185692829,ke,up,0.8,1.45683866187482,0.800201954152666,0.933475925199342,k2020
ke_up_080,G2,10000,5.88,5.43563781310876,6.35824620311974,ke,up,0.8,1.45683866187482,0.800201954152666,0.933475925199342,k2020
ke_up_080,AUClast_only,10000,3.77,3.41408822781961,4.16141626153315,ke,up,0.8,1.45683866187482,0.800201954152666,0.933475925199342,k2020
ke_up_080,AUCinf_only,10000,5.88,5.43563781310876,6.35824620311974,ke,up,0.8,1.45683866187482,0.800201954152666,0.933475925199342,k2020
