scenario,n_trials,P2_minus_F3A,P2_minus_F3A_lo,P2_minus_F3A_hi,P2_minus_F3B,P2_minus_F3B_lo,P2_minus_F3B_hi,P2_minus_F3C,P2_minus_F3C_lo,P2_minus_F3C_hi,G2_minus_P2,G2_minus_P2_lo,G2_minus_P2_hi,P2_pass_AUCinfA_fail,mechanism,direction,target,multiplier,auc_ratio,cmax_ratio,model,region
F_down_070,2000,0,0,0,0,0,0,0,0,0,0,0,0,0,F,down,0.7,0.805238403585119,0.699807988054843,0.774767560437703,k2016,범위 밖
F_down_075,2000,0.05,-0.0479981992270027,0.147998199227003,0,0,0,0,0,0,0.5,0.161147535401291,0.838852464598709,0.05,F,down,0.75,0.838970605126325,0.749826891958083,0.813731535043091,k2016,범위 밖
F_down_080,10000,1.02,0.823055608597997,1.216944391402,0.23,0.136106892894147,0.323893107105853,0.2,0.112431063510116,0.287568936489884,3.64,3.17834385699333,4.10165614300667,1.02,F,down,0.8,0.872152535936487,0.79988525403249,0.852080931927538,k2016,경계
F_down_085,2000,4.05,3.18584490451548,4.91415509548453,0.65,0.297724607057314,1.00227539294269,0.65,0.297724607057314,1.00227539294269,9.85,8.04362605871169,11.6563739412883,4.05,F,down,0.85,0.904779951517323,0.849895789156433,0.889807878836767,k2016,범위 안
F_down_090,2000,6.2,5.14284429482979,7.25715570517021,0.95,0.524763302601316,1.37523669739868,1.2,0.7226787280153,1.6773212719847,2.7,1.00066390498979,4.39933609501021,6.2,F,down,0.9,0.936870766022085,0.899812601831346,0.926930552456146,k2016,범위 안
F_down_095,2000,2.35,1.68593322956143,3.01406677043857,0.45,0.156594275414347,0.743405724585653,0.2,0.00415072760084866,0.395849272399151,-0.95,-1.7978794255951,-0.102120574404896,2.35,F,down,0.95,0.968646613771892,0.949920923227653,0.96370327443162,k2016,범위 안
F_up_105,2000,1.95,1.34384624671529,2.55615375328471,0.15,-0.0196529274765803,0.31965292747658,0,0,0,-0.75,-1.5273361433163,0.0273361433162987,1.95,F,up,1.05,1.03102311106189,1.05014915104572,1.03592599365433,k2016,범위 안
F_up_111,2000,4.45,3.54606532735919,5.35393467264081,0.5,0.19080088905388,0.809199110946121,0.4,0.123304969726386,0.676695030273614,3.1,1.58753153315031,4.61246846684969,4.45,F,up,1.11,1.06768310109284,1.11014483266865,1.07839339714921,k2016,범위 안
F_up_118,2000,4.25,3.3656879349815,5.1343120650185,1.05,0.603168025631342,1.49683197436866,0.5,0.19080088905388,0.809199110946121,9.05,7.25690904798188,10.8430909520181,4.25,F,up,1.18,1.10996727771422,1.18028837690496,1.12739272277036,k2016,범위 안
F_up_125,10000,0.61,0.457381890483956,0.762618109516045,0.13,0.0593749110314573,0.200625088968543,0.1,0.0380483966148605,0.16195160338514,4.16,3.71273876331836,4.60726123668164,0.61,F,up,1.25,1.15149083830699,1.25010656509896,1.17552651005478,k2016,경계
F_up_133,2000,0,0,0,0,0,0,0,0,0,0.4,0.123304969726386,0.676695030273614,0,F,up,1.33,1.19845665111804,1.33013677489962,1.22998601511917,k2016,범위 밖
F_up_143,2000,0,0,0,0,0,0,0,0,0,0,0,0,0,F,up,1.43,1.25649313446745,1.43050167410425,1.29730502517664,k2016,범위 밖
Km_up_105,2000,0.5,0.19080088905388,0.809199110946121,0,0,0,0,0,0,3.85,2.89945514566986,4.80054485433014,0.5,Km,up,1.05,84.0386692344027,1.05014765162093,1.0088716513308,k2016,범위 안
S00,10000,0.48,0.34452922691171,0.615470773088291,0.01,-0.00959963984540054,0.0295996398454005,0.04,0.000806601230346845,0.0791933987696532,-0.22,-0.388555758480142,-0.0514442415198578,0.48,동일,-,1,1,1,1,k2016,범위 안
V2_down_105,2000,4.05,3.18584490451548,4.91415509548453,0.65,0.297724607057314,1.00227539294269,0.15,-0.0196529274765803,0.31965292747658,-3.4,-4.33860517829376,-2.46139482170624,4.05,V2,down,1.05,0.723394162736675,1.05025804840559,1.01840551193171,k2016,범위 안
V2_down_111,2000,19.85,18.1014674843087,21.5985325156913,4.75,3.81755979550355,5.68244020449645,0.85,0.447563358395663,1.25243664160434,-17.2,-19.137857123123,-15.262142876877,19.85,V2,down,1.11,0.439773612093738,1.11045945165552,1.05394819804994,k2016,범위 안
V2_down_118,2000,20.5,18.7302896582039,22.2697103417961,11.6,10.1962272065701,13.0037727934299,1,0.563826484880151,1.43617351511985,-19,-20.8798905233598,-17.1201094766402,20.5,V2,down,1.18,0.145030162417582,1.18027553007479,1.13573943241727,k2016,범위 안
V2_up_070,2000,0,0,0,0,0,0,0,0,0,0,0,0,0,V2,up,0.7,9.646616199112,0.699597927301349,0.951209777988548,k2016,범위 밖
V2_up_075,2000,0.05,-0.0479981992270027,0.147998199227003,0.1,-0.0385557131705266,0.238555713170527,0.05,-0.0479981992270027,0.147998199227003,0.2,-0.0399454939231512,0.439945493923151,0.05,V2,up,0.75,4.84056251502108,0.749527660769717,0.957058654679472,k2016,범위 밖
V2_up_080,10000,2.01,1.7349201908392,2.2850798091608,1.23,1.01395964142501,1.44604035857499,0.62,0.466143748304287,0.773856251695713,0.06,-0.335911368288786,0.455911368288786,2.01,V2,up,0.8,3.21003979693093,0.799717812019852,0.962983911224041,k2016,경계
V2_up_085,2000,9.5,8.21463110464565,10.7853688953543,4.65,3.72694300216792,5.57305699783208,2.05,1.42881516512901,2.67118483487099,-3.35,-5.07796964120496,-1.62203035879504,9.5,V2,up,0.85,2.33609006981602,0.849579037742249,0.9695041481082,k2016,범위 안
V2_up_090,2000,11.05,9.67565486580679,12.4243451341932,3.35,2.56120340600888,4.13879659399112,1.5,0.967149425029491,2.03285057497051,-6.05,-7.78608012270777,-4.31391987729223,11.05,V2,up,0.9,1.75708053104298,0.899763544323836,0.977285934955137,k2016,범위 안
V2_up_095,2000,3.15,2.3843209164966,3.9156790835034,0.55,0.225790726923438,0.874209273076562,0.4,0.123304969726386,0.676695030273614,-2.15,-3.03804191501083,-1.26195808498917,3.15,V2,up,0.95,1.33352143216332,0.949844014998027,0.987033824746741,k2016,범위 안
Vmax_down_105,2000,1,0.563826484880151,1.43617351511985,0.1,-0.0385557131705266,0.238555713170527,0,0,0,0.55,-0.149606820895703,1.2496068208957,1,Vmax,down,1.05,0.920858091018106,1.0501268585424,1.01254329055033,k2016,범위 안
Vmax_down_111,2000,1.65,1.09156729104322,2.20843270895678,0.1,-0.0385557131705266,0.238555713170527,0.2,0.00415072760084866,0.395849272399151,11.5,9.89066534188313,13.1093346581169,1.65,Vmax,down,1.11,0.834111210802917,1.11021177044599,1.02637811247337,k2016,범위 안
Vmax_down_118,2000,0.45,0.156594275414347,0.743405724585653,0.1,-0.0385557131705266,0.238555713170527,0.2,0.00415072760084866,0.395849272399151,32.85,30.7495320951003,34.9504679048997,0.45,Vmax,down,1.18,0.742622715127721,1.18042880851468,1.04107033396906,k2016,범위 안
Vmax_down_125,10000,0.02,-0.0077166904099087,0.0477166904099087,0.03,-0.00394417675578445,0.0639441767557844,0.03,-0.00394417675578445,0.0639441767557844,21.91,21.0982995650539,22.7217004349461,0.02,Vmax,down,1.25,0.660178624277622,1.25088393369916,1.0544021629266,k2016,경계
Vmax_down_133,2000,0,0,0,0,0,0,0,0,0,5.65,4.63786866605027,6.66213133394973,0,Vmax,down,1.33,0.576424176113221,1.33087858987313,1.06803815759157,k2016,범위 밖
Vmax_down_143,2000,0,0,0,0,0,0,0,0,0,0.4,0.123304969726386,0.676695030273614,0,Vmax,down,1.43,0.484056251502108,1.43124267718369,1.08318773319823,k2016,범위 밖
Vmax_up_070,2000,0,0,0,0,0,0,0,0,0,0.6,0.261459593495079,0.938540406504921,0,Vmax,up,0.7,1.65357721402644,0.699429518190212,0.898977266613688,k2016,범위 밖
Vmax_up_075,2000,0,0,0,0,0,0,0,0,0,5,4.04459282431493,5.95540717568508,0,Vmax,up,0.75,1.5181514690658,0.749345508151061,0.919563308404305,k2016,범위 밖
Vmax_up_080,10000,0.18,0.0969164887739201,0.26308351122608,0,0,0,0.19,0.104644082476715,0.275355917523285,20.21,19.414167545726,21.005832454274,0.18,Vmax,up,0.8,1.39486202241965,0.799417254503779,0.93845337546823,k2016,경계
Vmax_up_085,2000,1.35,0.844108802212872,1.85589119778713,0,0,0,0.7,0.334518550870153,1.06548144912985,30.75,28.6026817510274,32.8973182489726,1.35,Vmax,up,0.85,1.28254589997052,0.849537336749722,0.955792809548142,k2016,범위 안
Vmax_up_090,2000,3.55,2.73883914095358,4.36116085904642,0.1,-0.0385557131705266,0.238555713170527,0.45,0.156594275414347,0.743405724585653,13.5,11.6004069179906,15.3995930820094,3.55,Vmax,up,0.9,1.18015786265738,0.899596810492939,0.971712808191971,k2016,범위 안
Vmax_up_095,2000,1.2,0.7226787280153,1.6773212719847,0.2,0.00415072760084866,0.395849272399151,0.25,0.0310887148959588,0.468911285104041,1.5,0.636787745360185,2.36321225463982,1.2,Vmax,up,0.95,1.08594365380924,0.949938537515853,0.986460696182769,k2016,범위 안
ka_down_070,2000,0,0,0,0,0,0,0,0,0,0,0,0,0,ka,down,0.7,0.34702805275494,0.700016985892441,0.523767519932033,k2016,범위 밖
ka_down_075,2000,0,0,0,0,0,0,0,0,0,0,0,0,0,ka,down,0.75,0.388905199928032,0.750257601010362,0.575478930890891,k2016,범위 밖
ka_down_080,10000,0,0,0,0,0,0,0,0,0,0,0,0,0,ka,down,0.8,0.440433361793372,0.799297411482507,0.631952944916229,k2016,경계
ka_down_085,2000,0,0,0,0,0,0,0,0,0,0,0,0,0,ka,down,0.85,0.50974945583338,0.849560255474036,0.698251617539185,k2016,범위 안
ka_down_090,2000,0,0,0,0,0,0,0,0,0,0,0,0,0,ka,down,0.9,0.606110884808604,0.899805424112438,0.7766105876189,k2016,범위 안
ka_down_095,2000,0.6,0.261459593495079,0.938540406504921,0,0,0,0.05,-0.0479981992270027,0.147998199227003,-0.5,-0.86611186175726,-0.13388813824274,0.6,ka,down,0.95,0.751019202887681,0.949908155007994,0.873047962827497,k2016,범위 안
ka_up_105,2000,0.1,-0.0385557131705266,0.238555713170527,0,0,0,0,0,0,-0.1,-0.238555713170527,0.0385557131705266,0.1,ka,up,1.05,1.54918815118162,1.05006636245644,1.1868009360223,k2016,범위 안
ka_up_111,2000,0,0,0,0,0,0,0,0,0,0,0,0,0,ka,up,1.11,6.04296390238133,1.11032654787836,1.66159034945477,k2016,범위 안
ke_down_105,2000,2.7,1.98947396457569,3.41052603542431,0.15,-0.0196529274765803,0.31965292747658,0.05,-0.0479981992270027,0.147998199227003,-1.55,-2.4074578050954,-0.692542194904601,2.7,ke,down,1.05,0.911245541985472,1.05008025202458,1.01506501555001,k2016,범위 안
ke_down_111,2000,6.5,5.41930242307813,7.58069757692188,1.05,0.603168025631342,1.49683197436866,0.45,0.156594275414347,0.743405724585653,1.3,-0.356734561961333,2.95673456196133,6.5,ke,down,1.11,0.816788049644061,1.10959794791165,1.03184779137821,k2016,범위 안
ke_down_118,2000,6.25,5.18887305939993,7.31112694060007,2.2,1.55698298983001,2.84301701016999,0.65,0.297724607057314,1.00227539294269,7.25,5.32793615857607,9.17206384142393,6.25,ke,down,1.18,0.719069442368983,1.17928173323279,1.05010396454253,k2016,범위 안
ke_down_125,10000,1.13,0.922823116581189,1.33717688341881,0.43,0.301746776865786,0.558253223134214,0.14,0.0667125509060202,0.21328744909398,3.58,3.11155600994061,4.04844399005939,1.13,ke,down,1.25,0.632567348266282,1.24933521039854,1.06710162104024,k2016,경계
ke_down_133,2000,0,0,0,0,0,0,0,0,0,0.4,0.123304969726386,0.676695030273614,0,ke,down,1.33,0.546140882173227,1.32896073842499,1.08495408323507,k2016,범위 밖
ke_down_143,2000,0,0,0,0,0,0,0,0,0,0,0,0,0,ke,down,1.43,0.452479552570213,1.42880724339599,1.1053943362912,k2016,범위 밖
ke_up_070,2000,0,0,0,0,0,0,0,0,0,0,0,0,0,ke,up,0.7,1.81191583652074,0.700620455359482,0.886245464660751,k2016,범위 밖
ke_up_075,2000,0.1,-0.0385557131705266,0.238555713170527,0.05,-0.0479981992270027,0.147998199227003,0,0,0,0.2,-0.0771114263410533,0.477111426341053,0.1,ke,up,0.75,1.63019509970504,0.750355682962533,0.908598631111101,k2016,범위 밖
ke_up_080,10000,1.38,1.15133913127285,1.60866086872715,0.41,0.284752345572606,0.535247654427394,0.2,0.112431063510116,0.287568936489884,2.04,1.61243755677704,2.46756244322296,1.38,ke,up,0.8,1.47110350143772,0.800334236753497,0.929468091140586,k2016,경계
ke_up_085,2000,6.2,5.14284429482979,7.25715570517021,1.7,1.13331343884613,2.26668656115387,0.9,0.486000538785619,1.31399946121438,3.35,1.61647873290209,5.08352126709791,6.2,ke,up,0.85,1.33152387602738,0.850272484687047,0.948898250132683,k2016,범위 안
ke_up_090,2000,7.9,6.71754382196172,9.08245617803829,1.45,0.925972583463699,1.9740274165363,0.85,0.447563358395663,1.25243664160434,-0.1,-1.83696127884098,1.63696127884098,7.9,ke,up,0.9,1.20790074742528,0.900285812983383,0.967079967451048,k2016,범위 안
ke_up_095,2000,2.45,1.7722986152937,3.1277013847063,0.4,0.123304969726386,0.676695030273614,0.35,0.0911105411853887,0.608889458814611,-0.95,-1.82024900198563,-0.079750998014373,2.45,ke,up,0.95,1.09822191087231,0.950136838158432,0.98405615669767,k2016,범위 안
F_down_070,2000,0,0,0,0,0,0,0,0,0,0,0,0,0,F,down,0.7,0.804333575446786,0.69965847781589,0.775278894294739,k2020,범위 밖
F_down_075,2000,0.05,-0.0479981992270027,0.147998199227003,0,0,0,0,0,0,0.35,0.0563324082571074,0.643667591742893,0.05,F,down,0.75,0.83818492132275,0.749753565013548,0.814098977327149,k2020,범위 밖
F_down_080,10000,0.67,0.510100382111245,0.829899617888755,0.15,0.0741440815708445,0.225855918429156,0.14,0.0667125509060202,0.21328744909398,4.63,4.15976356269766,5.10023643730234,0.67,F,down,0.8,0.871335777735966,0.799619025640266,0.852142118063974,k2020,경계
F_down_085,2000,3.2,2.42846725699043,3.97153274300957,0.7,0.334518550870153,1.06548144912985,0.6,0.261459593495079,0.938540406504921,11.2,9.42768004469033,12.9723199553097,3.2,F,down,0.85,0.904102037372205,0.849650500184827,0.889767195822651,k2020,범위 안
F_down_090,2000,4.8,3.86291111459917,5.73708888540083,0.55,0.225790726923438,0.874209273076562,0.9,0.486000538785619,1.31399946121438,7,5.24049921808204,8.75950078191796,4.8,F,down,0.9,0.936519721022221,0.899842309255108,0.92701274636435,k2020,범위 안
F_down_095,2000,2,1.38628077260602,2.61371922739398,0.2,0.00415072760084866,0.395849272399151,0.3,0.0602548112239763,0.539745188776024,0.75,-0.204841306491202,1.7048413064912,2,F,down,0.95,0.968465121072061,0.949944849803286,0.963734069940012,k2020,범위 안
F_up_105,2000,1.5,0.967149425029491,2.03285057497051,0.15,-0.0196529274765803,0.31965292747658,0.1,-0.0385557131705266,0.238555713170527,0.95,0.079750998014373,1.82024900198563,1.5,F,up,1.05,1.03124131332539,1.05014776017276,1.03594311005938,k2020,범위 안
F_up_111,2000,3.45,2.64993111554503,4.25006888445497,0.75,0.371786015076246,1.12821398492375,0.5,0.19080088905388,0.809199110946121,6.25,4.68412750827378,7.81587249172622,3.45,F,up,1.11,1.06820837253561,1.11017197506889,1.07849114473373,k2020,범위 안
F_up_118,2000,3.45,2.64993111554503,4.25006888445497,0.5,0.19080088905388,0.809199110946121,0.2,0.00415072760084866,0.395849272399151,10.45,8.68243692810545,12.2175630718945,3.45,F,up,1.18,1.11096334216204,1.18047557392408,1.12772253970127,k2020,범위 안
F_up_125,10000,0.74,0.572014110967597,0.907985889032403,0.19,0.104644082476715,0.275355917523285,0.15,0.0741440815708445,0.225855918429156,4.47,3.99998583988636,4.94001416011364,0.74,F,up,1.25,1.15294080629446,1.25037238459433,1.17607904174935,k2020,경계
F_up_133,2000,0,0,0,0,0,0,0,0,0,0.6,0.261459593495079,0.938540406504921,0,F,up,1.33,1.20063954610321,1.33078610246947,1.23104834195462,k2020,범위 밖
F_up_143,2000,0,0,0,0,0,0,0,0,0,0,0,0,0,F,up,1.43,1.25896883831092,1.43046807360462,1.29829725138482,k2020,범위 밖
Km_up_105,2000,0.65,0.297724607057314,1.00227539294269,0,0,0,0,0,0,6.05,4.89150801893239,7.20849198106761,0.65,Km,up,1.05,91.947868631888,1.05009893346047,1.00969253810531,k2020,범위 안
S00,10000,0.7,0.536584423240263,0.863415576759737,0.07,0.0181597878049888,0.121840212195011,0.03,-0.00394417675578445,0.0639441767557844,-0.12,-0.341743225849188,0.101743225849188,0.7,동일,-,1,1,1,1,k2020,범위 안
V2_down_105,2000,3.65,2.82792018342515,4.47207981657485,0.4,0.123304969726386,0.676695030273614,0.15,-0.0196529274765803,0.31965292747658,-2.25,-3.2301658135726,-1.2698341864274,3.65,V2,down,1.05,0.76579862694241,1.05022165749121,1.05122064045794,k2020,범위 안
V2_down_111,2000,12.45,11.0027137207028,13.8972862792972,2.45,1.7722986152937,3.1277013847063,0.35,0.0911105411853887,0.608889458814611,-10.95,-12.5153569690426,-9.38464303095739,12.45,V2,down,1.11,0.513969680077151,1.11028539721267,1.13294478452615,k2020,범위 안
V2_down_118,2000,1.2,0.7226787280153,1.6773212719847,0.3,0.0602548112239763,0.539745188776024,0,0,0,-1.2,-1.6773212719847,-0.7226787280153,1.2,V2,down,1.18,0.250286543117461,1.18021614822259,1.26117780305349,k2020,범위 안
V2_up_070,2000,0,0,0,0,0,0,0,0,0,0,0,0,0,V2,up,0.7,3.28303899863467,0.699618657239434,0.865151021643915,k2020,범위 밖
V2_up_075,2000,0.25,0.0310887148959588,0.468911285104041,0.1,-0.0385557131705266,0.238555713170527,0,0,0,-0.25,-0.468911285104041,-0.0310887148959588,0.25,V2,up,0.75,2.73431760274745,0.749711838114947,0.876690049922751,k2020,범위 밖
V2_up_080,10000,4.3,3.90238752346219,4.69761247653781,1.82,1.55799051426727,2.08200948573273,0.46,0.327368237495728,0.592631762504272,-4.22,-4.62178478806663,-3.81821521193337,4.3,V2,up,0.8,2.27730854120339,0.79979742585522,0.890882568755657,k2020,경계
V2_up_085,2000,16.1,14.4888513475806,17.7111486524194,3.9,3.0513361732409,4.7486638267591,0.95,0.524763302601316,1.37523669739868,-14.7,-16.4168866881001,-12.9831133118999,16.1,V2,up,0.85,1.8895882838913,0.84979201720798,0.908672900227592,k2020,범위 안
V2_up_090,2000,16.65,15.0169419794394,18.2830580205606,2.6,1.90239779222222,3.29760220777778,0.85,0.447563358395663,1.25243664160434,-13.45,-15.3119657853131,-11.5880342146869,16.65,V2,up,0.9,1.55383983127497,0.899912094401934,0.9315026094201,k2020,범위 안
V2_up_095,2000,4.3,3.41073358489684,5.18926641510316,0.45,0.156594275414347,0.743405724585653,0.25,0.0310887148959588,0.468911285104041,-2.55,-3.62243965502775,-1.47756034497226,4.3,V2,up,0.95,1.25968052954441,0.950063392008423,0.961206351944925,k2020,범위 안
Vmax_down_105,2000,0.8,0.409480680792256,1.19051931920774,0.05,-0.0479981992270027,0.147998199227003,0.05,-0.0479981992270027,0.147998199227003,2.45,1.57435760283732,3.32564239716268,0.8,Vmax,down,1.05,0.919478686318879,1.05001990379714,1.01217086359975,k2020,범위 안
Vmax_down_111,2000,1.3,0.803439755236113,1.79656024476389,0.4,0.123304969726386,0.676695030273614,0.1,-0.0385557131705266,0.238555713170527,15,13.2825034084011,16.7174965915989,1.3,Vmax,down,1.11,0.830368437788396,1.11032156549658,1.02575418827004,k2020,범위 안
Vmax_down_118,2000,0.45,0.156594275414347,0.743405724585653,0.1,-0.0385557131705266,0.238555713170527,0,0,0,34,31.8821650073062,36.1178349926938,0.45,Vmax,down,1.18,0.735973164583606,1.1808257680927,1.040278756686,k2020,범위 안
Vmax_down_125,10000,0.01,-0.00959963984540054,0.0295996398454005,0.02,-0.0077166904099087,0.0477166904099087,0,0,0,24.88,24.032177321617,25.727822678383,0.01,Vmax,down,1.25,0.651331501646086,1.25092658233271,1.05342570107931,k2020,경계
Vmax_down_133,2000,0,0,0,0,0,0,0,0,0,7,5.88150978711743,8.11849021288257,0,Vmax,down,1.33,0.565723431061283,1.32979650336999,1.06684559148656,k2020,범위 밖
Vmax_down_143,2000,0,0,0,0,0,0,0,0,0,0.6,0.261459593495079,0.938540406504921,0,Vmax,down,1.43,0.469758881670649,1.42995080505789,1.08204126176088,k2020,범위 밖
Vmax_up_070,2000,0,0,0,0,0,0,0,0,0,1.05,0.603168025631342,1.49683197436866,0,Vmax,up,0.7,1.65481709994318,0.700155713034782,0.904259678778729,k2020,범위 밖
Vmax_up_075,2000,0,0,0,0,0,0,0.05,-0.0479981992270027,0.147998199227003,5.7,4.68366947835841,6.71633052164159,0,Vmax,up,0.75,1.52156905315377,0.749455160050071,0.923315640421006,k2020,범위 밖
Vmax_up_080,10000,0.12,0.0521422122961089,0.187857787703891,0,0,0,0.04,0.00080660123034684,0.0791933987696532,20.53,19.7324885910553,21.3275114089447,0.12,Vmax,up,0.8,1.3969545986339,0.80009024618209,0.941322121145971,k2020,경계
Vmax_up_085,2000,1.05,0.603168025631342,1.49683197436866,0,0,0,0.5,0.19080088905388,0.809199110946121,32.45,30.3015365515269,34.5984634484731,1.05,Vmax,up,0.85,1.28639694493697,0.849254708729738,0.957455687594177,k2020,범위 안
Vmax_up_090,2000,1.65,1.09156729104322,2.20843270895678,0.1,-0.0385557131705266,0.238555713170527,0.25,0.0310887148959588,0.468911285104041,18.45,16.5723610201989,20.3276389798011,1.65,Vmax,up,0.9,1.18281457301527,0.899492371275158,0.97271371320533,k2020,범위 안
Vmax_up_095,2000,1.65,1.09156729104322,2.20843270895678,0.1,-0.0385557131705266,0.238555713170527,0.15,-0.0196529274765803,0.31965292747658,3.05,1.95346145137303,4.14653854862697,1.65,Vmax,up,0.95,1.08757278975491,0.949782982372421,0.986870590587944,k2020,범위 안
ka_down_070,2000,0,0,0,0,0,0,0,0,0,0,0,0,0,ka,down,0.7,0.331767112784286,0.700552060312564,0.525880777076938,k2020,범위 밖
ka_down_075,2000,0,0,0,0,0,0,0,0,0,0,0,0,0,ka,down,0.75,0.371802666391447,0.74981686337192,0.575457851090309,k2020,범위 밖
ka_down_080,10000,0,0,0,0,0,0,0,0,0,0,0,0,0,ka,down,0.8,0.424232725036545,0.800570249731887,0.632507704543837,k2020,경계
ka_down_085,2000,0,0,0,0,0,0,0,0,0,0,0,0,0,ka,down,0.85,0.492842705875321,0.850521201585854,0.696946296833461,k2020,범위 안
ka_down_090,2000,0.05,-0.0479981992270027,0.147998199227003,0,0,0,0,0,0,-0.05,-0.147998199227003,0.0479981992270027,0.05,ka,down,0.9,0.589974625592356,0.900683300135716,0.773924982179518,k2020,범위 안
ka_down_095,2000,0.8,0.409480680792256,1.19051931920774,0,0,0,0.1,-0.0385557131705266,0.238555713170527,-0.7,-1.11474147943936,-0.28525852056064,0.8,ka,down,0.95,0.73432010114147,0.949415940898201,0.867451625298813,k2020,범위 안
ka_up_105,2000,0,0,0,0,0,0,0,0,0,0,0,0,0,ka,up,1.05,1.6350900158505,1.05040473267516,1.2139493066922,k2020,범위 안
ke_down_105,2000,1.8,1.21718101475868,2.38281898524132,0.35,0.0911105411853887,0.608889458814611,0.25,0.0310887148959588,0.468911285104041,0.9,-0.0290877492770663,1.82908774927707,1.8,ke,down,1.05,0.91398169946549,1.04999149514318,1.01419709970028,k2020,범위 안
ke_down_111,2000,5.15,4.18113341900513,6.11886658099487,1.25,0.762959302614073,1.73704069738593,0.45,0.156594275414347,0.743405724585653,4.75,3.06216538188707,6.43783461811293,5.15,ke,down,1.11,0.821700481888082,1.10985160054726,1.03014681071801,k2020,범위 안
ke_down_118,2000,4.05,3.18584490451548,4.91415509548453,1.9,1.30151537470212,2.49848462529788,0.25,0.0310887148959588,0.468911285104041,10.7,8.85805446254692,12.5419455374531,4.05,ke,down,1.18,0.726654763727681,1.1795949331385,1.04743304615673,k2020,범위 안
ke_down_125,10000,0.88,0.696940703263544,1.06305929673646,0.58,0.431159649858377,0.728840350141623,0.1,0.0380483966148605,0.16195160338514,6.34,5.7961739571008,6.88382604289921,0.88,ke,down,1.25,0.642602940228105,1.2495748835008,1.06352537123811,k2020,경계
ke_down_133,2000,0,0,0,0,0,0,0,0,0,1.9,1.30151537470212,2.49848462529788,0,ke,down,1.33,0.558142112330146,1.32951528017153,1.08054500915374,k2020,범위 밖
ke_down_143,2000,0,0,0,0,0,0,0,0,0,0.1,-0.0385557131705266,0.238555713170527,0,ke,down,1.43,0.467300616700441,1.42888208108213,1.09991641922697,k2020,범위 밖
ke_up_070,2000,0,0,0,0,0,0,0,0,0,0,0,0,0,ke,up,0.7,1.7869643377153,0.700335003873731,0.892683454564335,k2020,범위 밖
ke_up_075,2000,0.05,-0.0479981992270027,0.147998199227003,0,0,0,0,0,0,0.35,0.0563324082571074,0.643667591742893,0.05,ke,up,0.75,1.61076153461771,0.750217685353932,0.913812693974581,k2020,범위 밖
ke_up_080,10000,1.23,1.01395964142501,1.44604035857499,0.31,0.20103765235548,0.41896234764452,0.12,0.0521422122961089,0.187857787703891,2.11,1.69303261709817,2.52696738290183,1.23,ke,up,0.8,1.45683866187482,0.800201954152666,0.933475925199342,k2020,경계
ke_up_085,2000,4.75,3.81755979550355,5.68244020449645,1.2,0.7226787280153,1.6773212719847,0.45,0.156594275414347,0.743405724585653,6.8,5.05543811832003,8.54456188167997,4.75,ke,up,0.85,1.32158088956451,0.850186052409823,0.951797338861368,k2020,범위 안
ke_up_090,2000,6.1,5.05084559695276,7.14915440304724,1.1,0.642768458116565,1.55723154188343,0.85,0.447563358395663,1.25243664160434,4.55,2.76701166986255,6.33298833013745,6.1,ke,up,0.9,1.20157975976386,0.900299954696658,0.968963230311483,k2020,범위 안
ke_up_095,2000,1.95,1.34384624671529,2.55615375328471,0.2,0.00415072760084866,0.395849272399151,0.25,0.0310887148959588,0.468911285104041,0.7,-0.239699893206988,1.63969989320699,1.95,ke,up,0.95,1.09575520341669,0.949904907376391,0.984888718038693,k2020,범위 안
