pk_model,scenario,analysis_set,n_trials,dev_R_median,dev_R_p05,dev_R_p95,dev_T_median,dev_T_p05,dev_T_p95,armdiff_median,armdiff_p05,armdiff_p95,armdiff_mean,armdiff_abs_gt5_pct,rand_armdiff_abs_max
k2016,F097,auclast,2000,0,0,0,0,0,0,0,-0.854700854700859,0.854700854700859,-0.0128205128205128,0,0.854700854700859
k2016,F_down_080,auclast,2000,0,0,0,0,0,0,0,-0.854700854700859,0.854700854700859,-0.0128205128205128,0,0.854700854700859
k2016,F_up_125,auclast,2000,0,0,0,0,0,0,0,-0.854700854700859,0.854700854700859,-0.0128205128205128,0,0.854700854700859
k2016,KE110,auclast,2000,0,0,0,0,0,0,0,-0.854700854700859,0.854700854700859,-0.0128205128205128,0,0.854700854700859
k2016,KE120,auclast,2000,0,0,0,0,0,0,0,-0.854700854700859,0.854700854700859,-0.0128205128205128,0,0.854700854700859
k2016,S00,auclast,2000,0,0,0,0,0,0,0,-0.854700854700859,0.854700854700859,-0.0128205128205128,0,0.854700854700859
k2016,V2_up_080,auclast,2000,0,0,0,0,0,0,0,-0.854700854700859,0.854700854700859,-0.0128205128205128,0,0.854700854700859
k2016,VM125,auclast,2000,0,0,0,0,0,0,0,-0.854700854700859,0.854700854700859,-0.0128205128205128,0,0.854700854700859
k2016,Vmax_down_125,auclast,2000,0,0,0,0,0,0,0,-0.854700854700859,0.854700854700859,-0.0128205128205128,0,0.854700854700859
k2016,Vmax_up_080,auclast,2000,0,0,0,0,0,0,0,-0.854700854700859,0.854700854700859,-0.0128205128205128,0,0.854700854700859
k2016,ka_down_080,auclast,2000,0,0,0,0,0,0,0,-0.854700854700859,0.854700854700859,-0.0140804597701149,0,0.854700854700859
k2016,ke_down_125,auclast,2000,0,0,0,0,0,0,0,-0.854700854700859,0.854700854700859,-0.0128205128205128,0,0.854700854700859
k2016,ke_up_080,auclast,2000,0,0,0,0,0,0,0,-0.854700854700859,0.854700854700859,-0.0128205128205128,0,0.854700854700859
k2020,F097,auclast,2000,0,0,0,0,0,0,0,-0.854700854700859,0.854700854700859,-0.0128205128205128,0,0.854700854700859
k2020,F_down_080,auclast,2000,0,0,0,0,0,0,0,-0.854700854700859,0.854700854700859,-0.0128205128205128,0,0.854700854700859
k2020,F_up_125,auclast,2000,0,0,0,0,0,0,0,-0.854700854700859,0.854700854700859,-0.0128205128205128,0,0.854700854700859
k2020,KE110,auclast,2000,0,0,0,0,0,0,0,-0.854700854700859,0.854700854700859,-0.0128205128205128,0,0.854700854700859
k2020,KE120,auclast,2000,0,0,0,0,0,0,0,-0.854700854700859,0.854700854700859,-0.0128205128205128,0,0.854700854700859
k2020,S00,auclast,2000,0,0,0,0,0,0,0,-0.854700854700859,0.854700854700859,-0.0128205128205128,0,0.854700854700859
k2020,V2_up_080,auclast,2000,0,0,0,0,0,0,0,-0.854700854700859,0.854700854700859,-0.0128205128205128,0,0.854700854700859
k2020,VM125,auclast,2000,0,0,0,0,0,0,0,-0.854700854700859,0.854700854700859,-0.0128205128205128,0,0.854700854700859
k2020,Vmax_down_125,auclast,2000,0,0,0,0,0,0,0,-0.854700854700859,0.854700854700859,-0.0128205128205128,0,0.854700854700859
k2020,Vmax_up_080,auclast,2000,0,0,0,0,0,0,0,-0.854700854700859,0.854700854700859,-0.0128205128205128,0,0.854700854700859
k2020,ka_down_080,auclast,2000,0,0,0,0,0,0,0,-0.854700854700859,0.854700854700859,-0.0137231063955202,0,0.854700854700859
k2020,ke_down_125,auclast,2000,0,0,0,0,0,0,0,-0.854700854700859,0.854700854700859,-0.0128205128205128,0,0.854700854700859
k2020,ke_up_080,auclast,2000,0,0,0,0,0,0,0,-0.854700854700859,0.854700854700859,-0.0128205128205128,0,0.854700854700859
k2016,F097,i,2000,-0.802853192559073,-3.92628205128205,2.40963480963481,-0.780363427422248,-4.05540636691225,2.30900120925105,-0.090396124291253,-4.6298226917493,4.51462223606713,-0.051773502607278,7.65,0.854700854700859
k2016,F_down_080,i,2000,-0.802853192559073,-3.92628205128205,2.40963480963481,-0.952151440873244,-4.7010662604722,2.46816675388104,-0.0937597829234882,-5.05973773074144,4.619396145555,-0.205397701353428,9,0.854700854700859
k2016,F_up_125,i,2000,-0.802853192559073,-3.92628205128205,2.40963480963481,-0.448095593726663,-3.15459603289792,2.20868945868946,0.354898307902452,-3.92920168067227,4.48657437942485,0.329652576237673,4.7,0.854700854700859
k2016,KE110,i,2000,-0.802853192559073,-3.92628205128205,2.40963480963481,-0.796614388847402,-3.84615384615385,2.15771695783118,-0.0532666466565779,-4.59738440830878,4.4269623707088,-0.0389149214912059,6.6,0.854700854700859
k2016,KE120,i,2000,-0.802853192559073,-3.92628205128205,2.40963480963481,-0.787001777100791,-3.80791083916084,2.20885870638346,0,-4.43799262279169,4.48424758004197,0.0107102821816505,6.55,0.854700854700859
k2016,S00,i,2000,-0.802853192559073,-3.92628205128205,2.40963480963481,-0.728018412013739,-3.77729891312234,2.31875385340732,0.0548151726715496,-4.39875378940609,4.59466580488504,0.0809596126580142,6.5,0.854700854700859
k2016,V2_up_080,i,2000,-0.802853192559073,-3.92628205128205,2.40963480963481,-0.912787320554308,-3.49342814048697,1.63817663817664,-0.0629997144488854,-4.36765077478273,3.97165521213608,-0.129412939251393,4.95,0.854700854700859
k2016,VM125,i,2000,-0.802853192559073,-3.92628205128205,2.40963480963481,-1.16375509633936,-5.08180341089684,2.49473566852065,-0.425306360630231,-5.59810954644578,4.48654906058557,-0.44309437893168,10.7,0.854700854700859
k2016,Vmax_down_125,i,2000,-0.802853192559073,-3.92628205128205,2.40963480963481,-0.115500115500119,-2.28023828023828,2.11812906767035,0.699957959031799,-3.24217450492584,4.57805864645487,0.679584507055433,4.6,0.854700854700859
k2016,Vmax_up_080,i,2000,-0.802853192559073,-3.92628205128205,2.40963480963481,-1.47020042194093,-5.8220525389643,2.70243290265537,-0.689408935576296,-6.08067842521624,4.64646819316763,-0.694603735962124,12.75,0.854700854700859
k2016,ka_down_080,i,2000,-0.802853192559073,-3.92628205128205,2.40963480963481,-1.62393162393163,-6.29194276385287,2.99145299145299,-0.833509216265654,-6.62650602409639,5.000092171562,-0.856257147238005,17.45,0.854700854700859
k2016,ke_down_125,i,2000,-0.802853192559073,-3.92628205128205,2.40963480963481,-0.573887690710123,-3.55502887719383,2.40320915981293,0.0977517106549328,-4.06938307969236,4.92062129289852,0.225346115901713,6.85,0.854700854700859
k2016,ke_up_080,i,2000,-0.802853192559073,-3.92628205128205,2.40963480963481,-0.805142569848453,-3.8857582546903,2.04896603020626,0,-4.6070225579259,4.16790339989206,-0.0729848480047845,6.65,0.854700854700859
k2020,F097,i,2000,-0.427350427350426,-2.7209284090018,1.83035119951008,-0.427350427350426,-2.7800426170427,1.91283359105141,0,-3.38918969380134,3.30579948787547,-0.0208952684991356,1.35,0.854700854700859
k2020,F_down_080,i,2000,-0.427350427350426,-2.7209284090018,1.83035119951008,-0.641025641025642,-3.20315741432247,1.92307692307692,-0.260697590794678,-3.89474866580509,3.34373351330241,-0.220894494560562,2.05,0.854700854700859
k2020,F_up_125,i,2000,-0.427350427350426,-2.7209284090018,1.83035119951008,-0.213675213675209,-2.2999222999223,1.86622755430095,0.151433142087345,-3.15315315315316,3.36561355311355,0.173228363949749,0.95,0.854700854700859
k2020,KE110,i,2000,-0.427350427350426,-2.7209284090018,1.83035119951008,-0.372960372960378,-2.73520869637374,1.85205535205535,0,-3.33333333333334,3.31488144252345,-0.00257809703366263,1.05,0.854700854700859
k2020,KE120,i,2000,-0.427350427350426,-2.7209284090018,1.83035119951008,-0.427350427350426,-2.75792870308829,1.77879802879803,0,-3.29605803460086,3.28011422637591,-0.0265787912526566,1.3,0.854700854700859
k2020,S00,i,2000,-0.427350427350426,-2.7209284090018,1.83035119951008,-0.372960372960378,-2.68392044092979,1.97435171266947,0,-3.25477994748377,3.38567612628625,0.0290214926853479,1.55,0.854700854700859
k2020,V2_up_080,i,2000,-0.427350427350426,-2.7209284090018,1.83035119951008,-0.0371609067261218,-1.68630168630168,1.4996114996115,0.411458740155503,-2.70296239635862,3.28925949524449,0.326447937673691,0.8,0.854700854700859
k2020,VM125,i,2000,-0.427350427350426,-2.7209284090018,1.83035119951008,-0.704517704517702,-3.57449678204396,2.14874533566123,-0.351548974988642,-4.15904569374919,3.59411098342538,-0.30719276165895,3.25,0.854700854700859
k2020,Vmax_down_125,i,2000,-0.427350427350426,-2.7209284090018,1.83035119951008,-0.026812526812531,-1.75478405566901,1.55264714897743,0.391756089252254,-2.67858210612636,3.30727785700089,0.328501120776862,0.5,0.854700854700859
k2020,Vmax_up_080,i,2000,-0.427350427350426,-2.7209284090018,1.83035119951008,-0.880214944571378,-4.23643914231095,2.1412505623032,-0.515463917525771,-4.56160152740341,3.54610974610975,-0.534682582544595,5,0.854700854700859
k2020,ka_down_080,i,2000,-0.427350427350426,-2.7209284090018,1.83035119951008,-1.34022839905193,-4.8494983277592,2.30769230769231,-0.925925925925924,-5.26845681149386,3.36222051725075,-0.916874033100857,7.3,0.854700854700859
k2020,ke_down_125,i,2000,-0.427350427350426,-2.7209284090018,1.83035119951008,-0.264180264180261,-2.6714257964258,1.98897675533189,0.0493010711455035,-3.33712626473473,3.4786378249681,0.11370741196397,1.65,0.854700854700859
k2020,ke_up_080,i,2000,-0.427350427350426,-2.7209284090018,1.83035119951008,-0.427350427350426,-2.66892436703758,1.66946241712597,0,-3.37103490229108,3.27102803738318,-0.0500070555922188,1.35,0.854700854700859
k2016,F097,ii,2000,-0.965584205415901,-4.86756865731822,2.91740089425924,-1.05626765622553,-4.87240537240537,2.86099865047234,-0.0628800996907586,-5.4518206418037,5.69573407281819,-0.0681534708503157,13.95,0.854700854700859
k2016,F_down_080,ii,2000,-0.965584205415901,-4.86756865731822,2.91740089425924,-1.29176379176379,-5.72649572649573,2.82253711201079,-0.421818354443506,-6.38401156785788,5.5559115896209,-0.384786348854423,16.8,0.854700854700859
k2016,F_up_125,ii,2000,-0.965584205415901,-4.86756865731822,2.91740089425924,-0.553041729512316,-3.90720390720391,2.86383061383061,0.525511734846955,-4.83870967741935,5.61614862982325,0.448139752585509,11.95,0.854700854700859
k2016,KE110,ii,2000,-0.965584205415901,-4.86756865731822,2.91740089425924,-1.0522664199815,-4.90361883978905,2.68836897869156,-0.106335844875741,-5.53235900776204,5.61022108223773,-0.0612185466113659,14,0.854700854700859
k2016,KE120,ii,2000,-0.965584205415901,-4.86756865731822,2.91740089425924,-1.01838550055868,-4.714071724381,2.70987393832222,-0.0476721913050646,-5.31975099037917,5.42961826815861,-0.0653598029336247,13.25,0.854700854700859
k2016,S00,ii,2000,-0.965584205415901,-4.86756865731822,2.91740089425924,-0.940170940170937,-4.58130746558871,2.89783693009499,0,-5.41449033547742,5.66037735849056,0.0352389285262444,13.25,0.854700854700859
k2016,V2_up_080,ii,2000,-0.965584205415901,-4.86756865731822,2.91740089425924,-1.15635997988939,-4.26486633933442,1.85628815628816,-0.133096716947648,-5.16671355209523,4.73063418915953,-0.211158122867612,10.4,0.854700854700859
k2016,VM125,ii,2000,-0.965584205415901,-4.86756865731822,2.91740089425924,-1.59082653068218,-6.33877982192589,2.97745358090185,-0.707059988681383,-6.6833021243386,5.42943322109989,-0.661842330036638,18.3,0.854700854700859
k2016,Vmax_down_125,ii,2000,-0.965584205415901,-4.86756865731822,2.91740089425924,0.237156521429387,-2.9097576675985,3.35712397568067,1.22917782389432,-3.90831978665857,6.12582502648456,1.19560171784149,12.15,0.854700854700859
k2016,Vmax_up_080,ii,2000,-0.965584205415901,-4.86756865731822,2.91740089425924,-1.95670995670995,-7.1964146964147,3.32819566974496,-0.958710407239817,-7.63373923023046,5.64103669134587,-0.958370845173708,22.35,0.854700854700859
k2016,ka_down_080,ii,2000,-0.965584205415901,-4.86756865731822,2.91740089425924,-1.85675435675436,-7.62279577348071,3.86510172143975,-0.728813792723564,-8.04032347010104,6.02859330643956,-0.888084120624129,25.8,0.854700854700859
k2016,ke_down_125,ii,2000,-0.965584205415901,-4.86756865731822,2.91740089425924,-0.444989998181484,-4.51841440213533,3.32400624067291,0.525611426550199,-5.19991173874669,5.97358578775128,0.483275703964627,14.7,0.854700854700859
k2016,ke_up_080,ii,2000,-0.965584205415901,-4.86756865731822,2.91740089425924,-1.22100122100122,-4.70598290598291,2.60207636566332,-0.0467673964436237,-5.61937307861221,5.22805684071382,-0.205900356988989,13.6,0.854700854700859
k2020,F097,ii,2000,-0.693097038677973,-3.9856968428397,2.69866452991453,-0.733264320220844,-3.8463787674314,2.61453619909503,0,-4.88627450980392,4.69403180582305,-0.0145319619552338,8.9,0.854700854700859
k2020,F_down_080,ii,2000,-0.693097038677973,-3.9856968428397,2.69866452991453,-1.02858826996758,-4.85320877730745,2.8964056128742,-0.4015034718755,-5.52441967593984,4.83169452001555,-0.357356609405443,10.8,0.854700854700859
k2020,F_up_125,ii,2000,-0.693097038677973,-3.9856968428397,2.69866452991453,-0.301659125188543,-3.41068376068376,2.95350819622664,0.478760614705315,-4.40020187977052,5.15495274239752,0.400799730378681,9.3,0.854700854700859
k2020,KE110,ii,2000,-0.693097038677973,-3.9856968428397,2.69866452991453,-0.717948717948715,-4.03559785003084,2.49167349571662,-0.0221704910763805,-4.96082202111614,4.60814551849922,-0.0681583377147251,8.1,0.854700854700859
k2020,KE120,ii,2000,-0.693097038677973,-3.9856968428397,2.69866452991453,-0.832160871354599,-3.98827392652033,2.62218902995602,-0.0805171769977591,-4.75892857142857,4.52530568846358,-0.119596916687038,8.05,0.854700854700859
k2020,S00,ii,2000,-0.693097038677973,-3.9856968428397,2.69866452991453,-0.612408424908423,-3.89374362537468,2.72053110288404,0,-4.73719165085389,4.82409943121972,0.0674448719694195,8.9,0.854700854700859
k2020,V2_up_080,ii,2000,-0.693097038677973,-3.9856968428397,2.69866452991453,0.0718970058592703,-2.8438014218388,3.01659125188537,0.743939629552838,-3.61958149239077,5.38880426504188,0.767324649390328,8.75,0.854700854700859
k2020,VM125,ii,2000,-0.693097038677973,-3.9856968428397,2.69866452991453,-1.12411742846525,-5.40246354952238,2.7985347985348,-0.536302839331789,-5.94782066052228,5.08626417434444,-0.532082901682415,13.55,0.854700854700859
k2020,Vmax_down_125,ii,2000,-0.693097038677973,-3.9856968428397,2.69866452991453,0.543900543900548,-2.7008547008547,3.56042823156225,1.23579245970138,-3.51546391752577,5.62834456956248,1.15306856598733,9.5,0.854700854700859
k2020,Vmax_up_080,ii,2000,-0.693097038677973,-3.9856968428397,2.69866452991453,-1.52002031846993,-6.1965811965812,3.03566165635131,-0.993332407532606,-6.54146542667206,5.06688431085594,-0.870180084052997,16.45,0.854700854700859
k2020,ka_down_080,ii,2000,-0.693097038677973,-3.9856968428397,2.69866452991453,-1.46745630532695,-6.71686338353005,3.84615384615385,-0.749905344097453,-6.90732690732691,5.37380781564908,-0.772340020199926,18.55,0.854700854700859
k2020,ke_down_125,ii,2000,-0.693097038677973,-3.9856968428397,2.69866452991453,0.0872719568422085,-3.97054256816566,3.84615384615385,0.588500354730051,-4.52008570924636,5.88627982508328,0.708115885344071,13.5,0.854700854700859
k2020,ke_up_080,ii,2000,-0.693097038677973,-3.9856968428397,2.69866452991453,-0.931258284199462,-4.15140415140416,2.32627113083353,-0.377903655750192,-5.01268631363955,4.59409565108095,-0.25776462810725,8.65,0.854700854700859
k2016,F097,iii,2000,-0.908775908775912,-6.68246918246918,5.38458411697848,-1.17529209772909,-6.98473748473749,5.13014763014763,-0.36252204023538,-8.75947867618217,8.5734126984127,-0.209964707749736,32.95,0.854700854700859
k2016,F_down_080,iii,2000,-0.908775908775912,-6.68246918246918,5.38458411697848,-1.18149824032177,-7.79903398849955,5.29970575872215,-0.16634566758842,-9.32866878228475,8.46414696414697,-0.291650441168804,35.7,0.854700854700859
k2016,F_up_125,iii,2000,-0.908775908775912,-6.68246918246918,5.38458411697848,-0.708596958596957,-6.427969348659,5.12820512820513,0.0184399405678697,-8.39874437337124,8.58421376324189,0.175961711811416,34,0.854700854700859
k2016,KE110,iii,2000,-0.908775908775912,-6.68246918246918,5.38458411697848,-1.2004662004662,-7.00641025641026,5.15276431418018,-0.289227680532026,-8.77827214874817,8.19426440014675,-0.229456870347404,31.45,0.854700854700859
k2016,KE120,iii,2000,-0.908775908775912,-6.68246918246918,5.38458411697848,-0.930329697452986,-7.12772302324541,4.71338323512236,-0.110041999857625,-8.75103406867106,8.14582810736235,-0.142863539231832,32.65,0.854700854700859
k2016,S00,iii,2000,-0.908775908775912,-6.68246918246918,5.38458411697848,-0.99023199023199,-6.68885918885919,5.11494066181566,-0.0672141576031748,-8.69503563911213,8.46816884758061,-0.0665958258098493,33.4,0.854700854700859
k2016,V2_up_080,iii,2000,-0.908775908775912,-6.68246918246918,5.38458411697848,-1.43467643467643,-6.42483114635013,3.37104072398189,-0.565979649290142,-8.53696047213377,7.17347504657945,-0.60569517640734,29.9,0.854700854700859
k2016,VM125,iii,2000,-0.908775908775912,-6.68246918246918,5.38458411697848,-1.28205128205128,-8.05984975476501,5.4514501891551,-0.146492045226221,-9.7231240981241,8.33399576046635,-0.434059856872659,34.9,0.854700854700859
k2016,Vmax_down_125,iii,2000,-0.908775908775912,-6.68246918246918,5.38458411697848,-0.28655668190552,-5.45110445110446,4.65421923755257,0.565339676439596,-7.58865094503208,8.38334552771173,0.543769176553714,30.25,0.854700854700859
k2016,Vmax_up_080,iii,2000,-0.908775908775912,-6.68246918246918,5.38458411697848,-1.30416218730224,-8.5027195027195,5.63218815234944,-0.522621214471812,-10.3886049823347,8.26264941526136,-0.640721518287879,38.7,0.854700854700859
k2016,ka_down_080,iii,2000,-0.908775908775912,-6.68246918246918,5.38458411697848,-2.10053599884108,-10.1381257631258,5.86080586080586,-1.00131752305665,-11.5842142172961,9.21576842539476,-1.15991550842063,42.45,0.854700854700859
k2016,ke_down_125,iii,2000,-0.908775908775912,-6.68246918246918,5.38458411697848,-0.726877289377292,-7.0090285301553,5.64209401709402,0,-8.92901785714286,8.97435897435897,0.0776029040897049,35.85,0.854700854700859
k2016,ke_up_080,iii,2000,-0.908775908775912,-6.68246918246918,5.38458411697848,-0.854700854700859,-6.5485338279456,4.98775289408201,0,-8.77909345556405,8.40405594134988,-0.0397156634118604,32.85,0.854700854700859
k2020,F097,iii,2000,-0.822649572649574,-6.62511870845204,4.82145992145992,-0.888439046333787,-6.51319633456356,4.7008547008547,-0.116792597523428,-7.79220779220779,8.22784810126582,-0.0186144485217817,30.3,0.854700854700859
k2020,F_down_080,iii,2000,-0.822649572649574,-6.62511870845204,4.82145992145992,-0.870726495726498,-6.71550671550672,5.00759000759001,0,-8.57142857142857,8.10988620199147,-0.0883043372348561,32.75,0.854700854700859
k2020,F_up_125,iii,2000,-0.822649572649574,-6.62511870845204,4.82145992145992,-0.695207570207568,-5.88681149097816,4.18285982310372,0.0848561502569964,-7.50909001666443,7.95477205731671,0.0723861089826849,28.15,0.854700854700859
k2020,KE110,iii,2000,-0.822649572649574,-6.62511870845204,4.82145992145992,-0.758547008547012,-6.12517580872011,4.72642789309456,-0.04807581024507,-7.56588704505371,8.34733334984765,0.0689372914869753,28.05,0.854700854700859
k2020,KE120,iii,2000,-0.822649572649574,-6.62511870845204,4.82145992145992,-0.783936699429656,-5.98290598290598,4.63675213675214,0,-7.53283830265538,7.94879726841752,0.112219252718187,28.45,0.854700854700859
k2020,S00,iii,2000,-0.822649572649574,-6.62511870845204,4.82145992145992,-0.942512586348201,-6.2000952528061,4.5954045954046,0,-7.87935333351143,7.66113813946631,-0.0228217845354982,28.55,0.854700854700859
k2020,V2_up_080,iii,2000,-0.822649572649574,-6.62511870845204,4.82145992145992,-0.188829258596698,-4.61605685201191,4.03361483242101,0.734081376294135,-6.8891494308161,8.13493747846018,0.61477694762896,27.65,0.854700854700859
k2020,VM125,iii,2000,-0.822649572649574,-6.62511870845204,4.82145992145992,-0.887595591542961,-6.84207169281797,5.02190170940171,-0.222857826590207,-8.40578577137717,8.35151405875408,-0.0816755751366024,32.2,0.854700854700859
k2020,Vmax_down_125,iii,2000,-0.822649572649574,-6.62511870845204,4.82145992145992,-0.610500610500612,-5.2356638839197,3.68821999256782,0.264008292177305,-7.32324870055424,7.46888351300116,0.231677534394042,25.85,0.854700854700859
k2020,Vmax_up_080,iii,2000,-0.822649572649574,-6.62511870845204,4.82145992145992,-1.10290438159291,-7.69230769230769,5.07461643308985,-0.33618431549835,-8.86567354214413,8.22784810126582,-0.302939199109086,32.3,0.854700854700859
k2020,ka_down_080,iii,2000,-0.822649572649574,-6.62511870845204,4.82145992145992,-2.09401709401709,-9.00972510972511,4.89882170272662,-1.21426429428229,-10.1890268194616,8.06016199865001,-1.23092000930166,35.7,0.854700854700859
k2020,ke_down_125,iii,2000,-0.822649572649574,-6.62511870845204,4.82145992145992,-0.9903005858062,-6.61324786324786,4.45121951219512,-0.0649460188933873,-8.16447306081453,7.2673477502437,-0.154823427748648,28.95,0.854700854700859
k2020,ke_up_080,iii,2000,-0.822649572649574,-6.62511870845204,4.82145992145992,-0.709013209013207,-5.84903717433838,4.49182046062719,0.0330189666174974,-7.52160576550821,7.79461446740859,0.118423737923154,29.35,0.854700854700859
k2016,F097,iv,2000,-1.77870177870178,-12.7305443094917,8.19185336627197,-2.19767844767845,-12.1794871794872,9.40270323991254,-0.231145176797352,-15.1637757667169,15.2741004085481,-0.148049504544971,58.7,0.854700854700859
k2016,F_down_080,iv,2000,-1.77870177870178,-12.7305443094917,8.19185336627197,-2.73272826464316,-13.8598901098901,9.68790468790469,-0.463151502161253,-15.5702624480162,15.417776907001,-0.456729707966332,59.15,0.854700854700859
k2016,F_up_125,iv,2000,-1.77870177870178,-12.7305443094917,8.19185336627197,-1.28205128205128,-11.8740565252193,8.24175824175824,0.548164572554814,-14.6341463414634,15,0.393792547191574,57.55,0.854700854700859
k2016,KE110,iv,2000,-1.77870177870178,-12.7305443094917,8.19185336627197,-2.27855033347025,-12.7281127281127,8.37237762237763,-0.529350104821805,-15.4191636203831,14.9298241561961,-0.278493166899824,57.9,0.854700854700859
k2016,KE120,iv,2000,-1.77870177870178,-12.7305443094917,8.19185336627197,-2.20527466549498,-12.2323570149657,8.49462365591397,-0.112640801001255,-15.2351887542141,14.855562083823,-0.188436519774988,57.4,0.854700854700859
k2016,S00,iv,2000,-1.77870177870178,-12.7305443094917,8.19185336627197,-1.77870177870178,-12.355565581372,8.76732501732501,0,-15.0375939849624,15.1211488769628,0.00743595671863357,57.25,0.854700854700859
k2016,V2_up_080,iv,2000,-1.77870177870178,-12.7305443094917,8.19185336627197,-2.87899235267657,-10.6449106449106,4.76127320954907,-0.883074997593145,-13.8113553113553,11.9598143917256,-0.89664653891746,54.6,0.854700854700859
k2016,VM125,iv,2000,-1.77870177870178,-12.7305443094917,8.19185336627197,-2.2218419326317,-15.100321270534,9.82905982905983,-0.463151502161253,-17.3584464316172,15.6484573627431,-0.545127957849829,63.25,0.854700854700859
k2016,Vmax_down_125,iv,2000,-1.77870177870178,-12.7305443094917,8.19185336627197,-0.0518476621417783,-9.12358324043107,9.25231631113983,1.70261286332715,-11.6081810631229,15.4693998811646,1.79418296508641,56.2,0.854700854700859
k2016,Vmax_up_080,iv,2000,-1.77870177870178,-12.7305443094917,8.19185336627197,-2.40870240870241,-15.6720594220594,10.6889183613322,-0.534954444567067,-18.2443937745795,16.4897768420007,-0.582858411808428,62.3,0.854700854700859
k2016,ka_down_080,iv,2000,-1.77870177870178,-12.7305443094917,8.19185336627197,-2.83577533577533,-17.8472222222222,11.8446886446886,-0.878045020043171,-19.609593837535,18.4216589861751,-0.808370340091194,66.85,0.854700854700859
k2016,ke_down_125,iv,2000,-1.77870177870178,-12.7305443094917,8.19185336627197,-0.854700854700859,-12.8205128205128,11.1153846153846,1.21334805545332,-15.625,17.3447900665643,1.03402713872819,60.15,0.854700854700859
k2016,ke_up_080,iv,2000,-1.77870177870178,-12.7305443094917,8.19185336627197,-2.21107395020439,-12.1536384899556,7.69230769230769,-0.338246446737013,-14.8276700715725,13.7448593073593,-0.295241737735023,59.4,0.854700854700859
k2020,F097,iv,2000,-2.24749843652283,-14.6153846153846,11.1126373626374,-2.40627428127428,-14.9467328370554,10.5839617898441,0,-17.62535147077,18.7537861136999,-0.116049051994395,61.3,0.854700854700859
k2020,F_down_080,iv,2000,-2.24749843652283,-14.6153846153846,11.1126373626374,-2.41802641802642,-16.0547785547786,11.2820512820513,-0.374299719887954,-18.6103896103896,18.6708333333333,-0.317869605331918,67.35,0.854700854700859
k2020,F_up_125,iv,2000,-2.24749843652283,-14.6153846153846,11.1126373626374,-1.38057704471367,-12.991452991453,10.4432234432234,0.880750294886919,-15.6426482873851,17.7960102960103,0.754152445931823,63.15,0.854700854700859
k2020,KE110,iv,2000,-2.24749843652283,-14.6153846153846,11.1126373626374,-2.06822960800929,-14.5611625216888,10.02541002541,-0.12952101661779,-16.3483865939711,17.6360003561967,0.0848236169661249,64.35,0.854700854700859
k2020,KE120,iv,2000,-2.24749843652283,-14.6153846153846,11.1126373626374,-2.04025365315687,-14.1404151404151,9.97249238628549,0,-17.6204481792717,17.5117845117845,0.0159851062102439,62.7,0.854700854700859
k2020,S00,iv,2000,-2.24749843652283,-14.6153846153846,11.1126373626374,-2.13675213675214,-15.1395350840915,10.4294871794872,0,-17.9618687399648,17.8971471471471,-0.0104703493784646,62.75,0.854700854700859
k2020,V2_up_080,iv,2000,-2.24749843652283,-14.6153846153846,11.1126373626374,-0.0661552926361324,-10.6647857562492,9.79066153484758,2.13426754124428,-14.8173173173173,17.8571428571429,1.94468596427484,61.7,0.854700854700859
k2020,VM125,iv,2000,-2.24749843652283,-14.6153846153846,11.1126373626374,-2.7008547008547,-17.1807878112226,11.2969156447417,-0.662209762599083,-20.6737231182796,18.288789428815,-0.62845547635877,65.2,0.854700854700859
k2020,Vmax_down_125,iv,2000,-2.24749843652283,-14.6153846153846,11.1126373626374,-0.427350427350426,-11.1776556776557,10.4571285688307,2.06048543860889,-15.3855866355866,18.2912730544309,1.83665550102097,61.7,0.854700854700859
k2020,Vmax_up_080,iv,2000,-2.24749843652283,-14.6153846153846,11.1126373626374,-2.42735042735043,-17.7544677544678,13.4266876913936,-0.208659874608152,-20.4663009404389,19.646921182266,-0.318837077022586,68.15,0.854700854700859
k2020,ka_down_080,iv,2000,-2.24749843652283,-14.6153846153846,11.1126373626374,-2.43467643467644,-22.542735042735,16.2393162393162,-0.69809941520468,-23.725220821995,21.765399807836,-0.53101653083651,70.25,0.854700854700859
k2020,ke_down_125,iv,2000,-2.24749843652283,-14.6153846153846,11.1126373626374,-0.6993006993007,-15.761217948718,14.4399460188934,1.39500088012674,-18.0722860791826,21.5910737812912,1.42642504864366,67.35,0.854700854700859
k2020,ke_up_080,iv,2000,-2.24749843652283,-14.6153846153846,11.1126373626374,-2.69764957264957,-13.6776326398968,8.93745143745143,-0.466037838130859,-17.2965146576476,16.6147740369776,-0.366390404236539,62.6,0.854700854700859
