input_model,cmax_cv_rule,cmax_gmr_rule,cv,gmr,analysis_model,target_pct,n_evaluable_per_arm,n_randomized_per_arm
k2016,fixed,equal,35,0.9,M0,85,137,153
k2016,fixed,equal,35,0.9,M0,90,160,178
k2016,fixed,equal,35,0.9,M1,85,132,147
k2016,fixed,equal,35,0.9,M1,90,154,172
k2016,fixed,equal,35,0.95,M0,85,65,73
k2016,fixed,equal,35,0.95,M0,90,76,85
k2016,fixed,equal,35,0.95,M1,85,63,70
k2016,fixed,equal,35,0.95,M1,90,73,82
k2016,fixed,equal,35,1,M0,85,49,55
k2016,fixed,equal,35,1,M0,90,55,62
k2016,fixed,equal,35,1,M1,85,48,54
k2016,fixed,equal,35,1,M1,90,54,60
k2016,fixed,equal,40,0.9,M0,85,161,179
k2016,fixed,equal,40,0.9,M0,90,188,209
k2016,fixed,equal,40,0.9,M1,85,156,174
k2016,fixed,equal,40,0.9,M1,90,183,204
k2016,fixed,equal,40,0.95,M0,85,77,86
k2016,fixed,equal,40,0.95,M0,90,89,99
k2016,fixed,equal,40,0.95,M1,85,74,83
k2016,fixed,equal,40,0.95,M1,90,87,97
k2016,fixed,equal,40,1,M0,85,58,65
k2016,fixed,equal,40,1,M0,90,66,74
k2016,fixed,equal,40,1,M1,85,57,64
k2016,fixed,equal,40,1,M1,90,64,72
k2016,fixed,equal,43,0.9,M0,85,179,199
k2016,fixed,equal,43,0.9,M0,90,210,234
k2016,fixed,equal,43,0.9,M1,85,174,194
k2016,fixed,equal,43,0.9,M1,90,204,227
k2016,fixed,equal,43,0.95,M0,85,85,95
k2016,fixed,equal,43,0.95,M0,90,100,112
k2016,fixed,equal,43,0.95,M1,85,83,93
k2016,fixed,equal,43,0.95,M1,90,97,108
k2016,fixed,equal,43,1,M0,85,65,73
k2016,fixed,equal,43,1,M0,90,74,83
k2016,fixed,equal,43,1,M1,85,64,72
k2016,fixed,equal,43,1,M1,90,72,80
k2016,fixed,equal,46,0.9,M0,85,200,223
k2016,fixed,equal,46,0.9,M0,90,235,262
k2016,fixed,equal,46,0.9,M1,85,194,216
k2016,fixed,equal,46,0.9,M1,90,229,255
k2016,fixed,equal,46,0.95,M0,85,95,106
k2016,fixed,equal,46,0.95,M0,90,112,125
k2016,fixed,equal,46,0.95,M1,85,93,104
k2016,fixed,equal,46,0.95,M1,90,109,122
k2016,fixed,equal,46,1,M0,85,73,82
k2016,fixed,equal,46,1,M0,90,83,93
k2016,fixed,equal,46,1,M1,85,71,79
k2016,fixed,equal,46,1,M1,90,81,90
k2016,fixed,equal,50,0.9,M0,85,230,256
k2016,fixed,equal,50,0.9,M0,90,272,303
k2016,fixed,equal,50,0.9,M1,85,224,249
k2016,fixed,equal,50,0.9,M1,90,266,296
k2016,fixed,equal,50,0.95,M0,85,110,123
k2016,fixed,equal,50,0.95,M0,90,129,144
k2016,fixed,equal,50,0.95,M1,85,107,119
k2016,fixed,equal,50,0.95,M1,90,126,140
k2016,fixed,equal,50,1,M0,85,85,95
k2016,fixed,equal,50,1,M0,90,96,107
k2016,fixed,equal,50,1,M1,85,83,93
k2016,fixed,equal,50,1,M1,90,94,105
k2016,fixed,equal,52,0.9,M0,85,246,274
k2016,fixed,equal,52,0.9,M0,90,292,325
k2016,fixed,equal,52,0.9,M1,85,241,268
k2016,fixed,equal,52,0.9,M1,90,286,318
k2016,fixed,equal,52,0.95,M0,85,118,132
k2016,fixed,equal,52,0.95,M0,90,138,154
k2016,fixed,equal,52,0.95,M1,85,115,128
k2016,fixed,equal,52,0.95,M1,90,135,150
k2016,fixed,equal,52,1,M0,85,91,102
k2016,fixed,equal,52,1,M0,90,103,115
k2016,fixed,equal,52,1,M1,85,89,99
k2016,fixed,equal,52,1,M1,90,101,113
k2016,fixed,mechanistic,35,0.9,M0,85,120,134
k2016,fixed,mechanistic,35,0.9,M0,90,141,157
k2016,fixed,mechanistic,35,0.9,M1,85,115,128
k2016,fixed,mechanistic,35,0.9,M1,90,135,150
k2016,fixed,mechanistic,35,0.95,M0,85,62,69
k2016,fixed,mechanistic,35,0.95,M0,90,71,79
k2016,fixed,mechanistic,35,0.95,M1,85,59,66
k2016,fixed,mechanistic,35,0.95,M1,90,69,77
k2016,fixed,mechanistic,35,1,M0,85,49,55
k2016,fixed,mechanistic,35,1,M0,90,55,62
k2016,fixed,mechanistic,35,1,M1,85,48,54
k2016,fixed,mechanistic,35,1,M1,90,54,60
k2016,fixed,mechanistic,40,0.9,M0,85,152,169
k2016,fixed,mechanistic,40,0.9,M0,90,180,200
k2016,fixed,mechanistic,40,0.9,M1,85,146,163
k2016,fixed,mechanistic,40,0.9,M1,90,174,194
k2016,fixed,mechanistic,40,0.95,M0,85,74,83
k2016,fixed,mechanistic,40,0.95,M0,90,87,97
k2016,fixed,mechanistic,40,0.95,M1,85,72,80
k2016,fixed,mechanistic,40,0.95,M1,90,84,94
k2016,fixed,mechanistic,40,1,M0,85,58,65
k2016,fixed,mechanistic,40,1,M0,90,66,74
k2016,fixed,mechanistic,40,1,M1,85,57,64
k2016,fixed,mechanistic,40,1,M1,90,64,72
k2016,fixed,mechanistic,43,0.9,M0,85,174,194
k2016,fixed,mechanistic,43,0.9,M0,90,206,229
k2016,fixed,mechanistic,43,0.9,M1,85,168,187
k2016,fixed,mechanistic,43,0.9,M1,90,200,223
k2016,fixed,mechanistic,43,0.95,M0,85,84,94
k2016,fixed,mechanistic,43,0.95,M0,90,98,109
k2016,fixed,mechanistic,43,0.95,M1,85,81,90
k2016,fixed,mechanistic,43,0.95,M1,90,95,106
k2016,fixed,mechanistic,43,1,M0,85,65,73
k2016,fixed,mechanistic,43,1,M0,90,74,83
k2016,fixed,mechanistic,43,1,M1,85,64,72
k2016,fixed,mechanistic,43,1,M1,90,72,80
k2016,fixed,mechanistic,46,0.9,M0,85,196,218
k2016,fixed,mechanistic,46,0.9,M0,90,233,259
k2016,fixed,mechanistic,46,0.9,M1,85,191,213
k2016,fixed,mechanistic,46,0.9,M1,90,227,253
k2016,fixed,mechanistic,46,0.95,M0,85,94,105
k2016,fixed,mechanistic,46,0.95,M0,90,111,124
k2016,fixed,mechanistic,46,0.95,M1,85,92,103
k2016,fixed,mechanistic,46,0.95,M1,90,108,120
k2016,fixed,mechanistic,46,1,M0,85,73,82
k2016,fixed,mechanistic,46,1,M0,90,83,93
k2016,fixed,mechanistic,46,1,M1,85,71,79
k2016,fixed,mechanistic,46,1,M1,90,81,90
k2016,fixed,mechanistic,50,0.9,M0,85,229,255
k2016,fixed,mechanistic,50,0.9,M0,90,272,303
k2016,fixed,mechanistic,50,0.9,M1,85,223,248
k2016,fixed,mechanistic,50,0.9,M1,90,266,296
k2016,fixed,mechanistic,50,0.95,M0,85,109,122
k2016,fixed,mechanistic,50,0.95,M0,90,129,144
k2016,fixed,mechanistic,50,0.95,M1,85,107,119
k2016,fixed,mechanistic,50,0.95,M1,90,126,140
k2016,fixed,mechanistic,50,1,M0,85,85,95
k2016,fixed,mechanistic,50,1,M0,90,96,107
k2016,fixed,mechanistic,50,1,M1,85,83,93
k2016,fixed,mechanistic,50,1,M1,90,94,105
k2016,fixed,mechanistic,52,0.9,M0,85,246,274
k2016,fixed,mechanistic,52,0.9,M0,90,292,325
k2016,fixed,mechanistic,52,0.9,M1,85,240,267
k2016,fixed,mechanistic,52,0.9,M1,90,286,318
k2016,fixed,mechanistic,52,0.95,M0,85,117,130
k2016,fixed,mechanistic,52,0.95,M0,90,138,154
k2016,fixed,mechanistic,52,0.95,M1,85,115,128
k2016,fixed,mechanistic,52,0.95,M1,90,135,150
k2016,fixed,mechanistic,52,1,M0,85,91,102
k2016,fixed,mechanistic,52,1,M0,90,103,115
k2016,fixed,mechanistic,52,1,M1,85,89,99
k2016,fixed,mechanistic,52,1,M1,90,101,113
k2016,ratio,equal,35,0.9,M0,85,124,138
k2016,ratio,equal,35,0.9,M0,90,145,162
k2016,ratio,equal,35,0.9,M1,85,119,133
k2016,ratio,equal,35,0.9,M1,90,140,156
k2016,ratio,equal,35,0.95,M0,85,59,66
k2016,ratio,equal,35,0.95,M0,90,69,77
k2016,ratio,equal,35,0.95,M1,85,57,64
k2016,ratio,equal,35,0.95,M1,90,66,74
k2016,ratio,equal,35,1,M0,85,45,50
k2016,ratio,equal,35,1,M0,90,51,57
k2016,ratio,equal,35,1,M1,85,44,49
k2016,ratio,equal,35,1,M1,90,49,55
k2016,ratio,equal,40,0.9,M0,85,161,179
k2016,ratio,equal,40,0.9,M0,90,188,209
k2016,ratio,equal,40,0.9,M1,85,155,173
k2016,ratio,equal,40,0.9,M1,90,182,203
k2016,ratio,equal,40,0.95,M0,85,76,85
k2016,ratio,equal,40,0.95,M0,90,89,99
k2016,ratio,equal,40,0.95,M1,85,74,83
k2016,ratio,equal,40,0.95,M1,90,86,96
k2016,ratio,equal,40,1,M0,85,58,65
k2016,ratio,equal,40,1,M0,90,65,73
k2016,ratio,equal,40,1,M1,85,57,64
k2016,ratio,equal,40,1,M1,90,64,72
k2016,ratio,equal,43,0.9,M0,85,184,205
k2016,ratio,equal,43,0.9,M0,90,215,239
k2016,ratio,equal,43,0.9,M1,85,179,199
k2016,ratio,equal,43,0.9,M1,90,209,233
k2016,ratio,equal,43,0.95,M0,85,88,98
k2016,ratio,equal,43,0.95,M0,90,102,114
k2016,ratio,equal,43,0.95,M1,85,85,95
k2016,ratio,equal,43,0.95,M1,90,99,110
k2016,ratio,equal,43,1,M0,85,67,75
k2016,ratio,equal,43,1,M0,90,75,84
k2016,ratio,equal,43,1,M1,85,65,73
k2016,ratio,equal,43,1,M1,90,73,82
k2016,ratio,equal,46,0.9,M0,85,208,232
k2016,ratio,equal,46,0.9,M0,90,244,272
k2016,ratio,equal,46,0.9,M1,85,203,226
k2016,ratio,equal,46,0.9,M1,90,238,265
k2016,ratio,equal,46,0.95,M0,85,99,110
k2016,ratio,equal,46,0.95,M0,90,115,128
k2016,ratio,equal,46,0.95,M1,85,97,108
k2016,ratio,equal,46,0.95,M1,90,113,126
k2016,ratio,equal,46,1,M0,85,75,84
k2016,ratio,equal,46,1,M0,90,85,95
k2016,ratio,equal,46,1,M1,85,74,83
k2016,ratio,equal,46,1,M1,90,83,93
k2016,ratio,equal,50,0.9,M0,85,243,270
k2016,ratio,equal,50,0.9,M0,90,284,316
k2016,ratio,equal,50,0.9,M1,85,237,264
k2016,ratio,equal,50,0.9,M1,90,278,309
k2016,ratio,equal,50,0.95,M0,85,115,128
k2016,ratio,equal,50,0.95,M0,90,134,149
k2016,ratio,equal,50,0.95,M1,85,113,126
k2016,ratio,equal,50,0.95,M1,90,132,147
k2016,ratio,equal,50,1,M0,85,88,98
k2016,ratio,equal,50,1,M0,90,99,110
k2016,ratio,equal,50,1,M1,85,86,96
k2016,ratio,equal,50,1,M1,90,97,108
k2016,ratio,equal,52,0.9,M0,85,260,289
k2016,ratio,equal,52,0.9,M0,90,305,339
k2016,ratio,equal,52,0.9,M1,85,255,284
k2016,ratio,equal,52,0.9,M1,90,299,333
k2016,ratio,equal,52,0.95,M0,85,124,138
k2016,ratio,equal,52,0.95,M0,90,144,160
k2016,ratio,equal,52,0.95,M1,85,121,135
k2016,ratio,equal,52,0.95,M1,90,141,157
k2016,ratio,equal,52,1,M0,85,94,105
k2016,ratio,equal,52,1,M0,90,106,118
k2016,ratio,equal,52,1,M1,85,93,104
k2016,ratio,equal,52,1,M1,90,104,116
k2016,ratio,mechanistic,35,0.9,M0,85,118,132
k2016,ratio,mechanistic,35,0.9,M0,90,139,155
k2016,ratio,mechanistic,35,0.9,M1,85,112,125
k2016,ratio,mechanistic,35,0.9,M1,90,133,148
k2016,ratio,mechanistic,35,0.95,M0,85,58,65
k2016,ratio,mechanistic,35,0.95,M0,90,67,75
k2016,ratio,mechanistic,35,0.95,M1,85,55,62
k2016,ratio,mechanistic,35,0.95,M1,90,64,72
k2016,ratio,mechanistic,35,1,M0,85,45,50
k2016,ratio,mechanistic,35,1,M0,90,51,57
k2016,ratio,mechanistic,35,1,M1,85,44,49
k2016,ratio,mechanistic,35,1,M1,90,49,55
k2016,ratio,mechanistic,40,0.9,M0,85,152,169
k2016,ratio,mechanistic,40,0.9,M0,90,180,200
k2016,ratio,mechanistic,40,0.9,M1,85,146,163
k2016,ratio,mechanistic,40,0.9,M1,90,174,194
k2016,ratio,mechanistic,40,0.95,M0,85,74,83
k2016,ratio,mechanistic,40,0.95,M0,90,87,97
k2016,ratio,mechanistic,40,0.95,M1,85,72,80
k2016,ratio,mechanistic,40,0.95,M1,90,84,94
k2016,ratio,mechanistic,40,1,M0,85,58,65
k2016,ratio,mechanistic,40,1,M0,90,65,73
k2016,ratio,mechanistic,40,1,M1,85,57,64
k2016,ratio,mechanistic,40,1,M1,90,64,72
k2016,ratio,mechanistic,43,0.9,M0,85,174,194
k2016,ratio,mechanistic,43,0.9,M0,90,206,229
k2016,ratio,mechanistic,43,0.9,M1,85,168,187
k2016,ratio,mechanistic,43,0.9,M1,90,200,223
k2016,ratio,mechanistic,43,0.95,M0,85,85,95
k2016,ratio,mechanistic,43,0.95,M0,90,99,110
k2016,ratio,mechanistic,43,0.95,M1,85,83,93
k2016,ratio,mechanistic,43,0.95,M1,90,97,108
k2016,ratio,mechanistic,43,1,M0,85,67,75
k2016,ratio,mechanistic,43,1,M0,90,75,84
k2016,ratio,mechanistic,43,1,M1,85,65,73
k2016,ratio,mechanistic,43,1,M1,90,73,82
k2016,ratio,mechanistic,46,0.9,M0,85,197,219
k2016,ratio,mechanistic,46,0.9,M0,90,234,260
k2016,ratio,mechanistic,46,0.9,M1,85,192,214
k2016,ratio,mechanistic,46,0.9,M1,90,227,253
k2016,ratio,mechanistic,46,0.95,M0,85,96,107
k2016,ratio,mechanistic,46,0.95,M0,90,112,125
k2016,ratio,mechanistic,46,0.95,M1,85,94,105
k2016,ratio,mechanistic,46,0.95,M1,90,110,123
k2016,ratio,mechanistic,46,1,M0,85,75,84
k2016,ratio,mechanistic,46,1,M0,90,85,95
k2016,ratio,mechanistic,46,1,M1,85,74,83
k2016,ratio,mechanistic,46,1,M1,90,83,93
k2016,ratio,mechanistic,50,0.9,M0,85,230,256
k2016,ratio,mechanistic,50,0.9,M0,90,272,303
k2016,ratio,mechanistic,50,0.9,M1,85,224,249
k2016,ratio,mechanistic,50,0.9,M1,90,266,296
k2016,ratio,mechanistic,50,0.95,M0,85,112,125
k2016,ratio,mechanistic,50,0.95,M0,90,131,146
k2016,ratio,mechanistic,50,0.95,M1,85,110,123
k2016,ratio,mechanistic,50,0.95,M1,90,128,143
k2016,ratio,mechanistic,50,1,M0,85,88,98
k2016,ratio,mechanistic,50,1,M0,90,99,110
k2016,ratio,mechanistic,50,1,M1,85,86,96
k2016,ratio,mechanistic,50,1,M1,90,97,108
k2016,ratio,mechanistic,52,0.9,M0,85,246,274
k2016,ratio,mechanistic,52,0.9,M0,90,292,325
k2016,ratio,mechanistic,52,0.9,M1,85,241,268
k2016,ratio,mechanistic,52,0.9,M1,90,286,318
k2016,ratio,mechanistic,52,0.95,M0,85,120,134
k2016,ratio,mechanistic,52,0.95,M0,90,141,157
k2016,ratio,mechanistic,52,0.95,M1,85,118,132
k2016,ratio,mechanistic,52,0.95,M1,90,138,154
k2016,ratio,mechanistic,52,1,M0,85,94,105
k2016,ratio,mechanistic,52,1,M0,90,106,118
k2016,ratio,mechanistic,52,1,M1,85,93,104
k2016,ratio,mechanistic,52,1,M1,90,104,116
k2020,fixed,equal,35,0.9,M0,85,134,149
k2020,fixed,equal,35,0.9,M0,90,156,174
k2020,fixed,equal,35,0.9,M1,85,129,144
k2020,fixed,equal,35,0.9,M1,90,151,168
k2020,fixed,equal,35,0.95,M0,85,64,72
k2020,fixed,equal,35,0.95,M0,90,74,83
k2020,fixed,equal,35,0.95,M1,85,62,69
k2020,fixed,equal,35,0.95,M1,90,72,80
k2020,fixed,equal,35,1,M0,85,48,54
k2020,fixed,equal,35,1,M0,90,54,60
k2020,fixed,equal,35,1,M1,85,47,53
k2020,fixed,equal,35,1,M1,90,53,59
k2020,fixed,equal,40,0.9,M0,85,158,176
k2020,fixed,equal,40,0.9,M0,90,186,207
k2020,fixed,equal,40,0.9,M1,85,153,170
k2020,fixed,equal,40,0.9,M1,90,180,200
k2020,fixed,equal,40,0.95,M0,85,76,85
k2020,fixed,equal,40,0.95,M0,90,88,98
k2020,fixed,equal,40,0.95,M1,85,73,82
k2020,fixed,equal,40,0.95,M1,90,86,96
k2020,fixed,equal,40,1,M0,85,58,65
k2020,fixed,equal,40,1,M0,90,65,73
k2020,fixed,equal,40,1,M1,85,56,63
k2020,fixed,equal,40,1,M1,90,63,70
k2020,fixed,equal,43,0.9,M0,85,177,197
k2020,fixed,equal,43,0.9,M0,90,209,233
k2020,fixed,equal,43,0.9,M1,85,172,192
k2020,fixed,equal,43,0.9,M1,90,203,226
k2020,fixed,equal,43,0.95,M0,85,85,95
k2020,fixed,equal,43,0.95,M0,90,99,110
k2020,fixed,equal,43,0.95,M1,85,82,92
k2020,fixed,equal,43,0.95,M1,90,96,107
k2020,fixed,equal,43,1,M0,85,65,73
k2020,fixed,equal,43,1,M0,90,73,82
k2020,fixed,equal,43,1,M1,85,63,70
k2020,fixed,equal,43,1,M1,90,72,80
k2020,fixed,equal,46,0.9,M0,85,198,220
k2020,fixed,equal,46,0.9,M0,90,235,262
k2020,fixed,equal,46,0.9,M1,85,193,215
k2020,fixed,equal,46,0.9,M1,90,229,255
k2020,fixed,equal,46,0.95,M0,85,95,106
k2020,fixed,equal,46,0.95,M0,90,111,124
k2020,fixed,equal,46,0.95,M1,85,92,103
k2020,fixed,equal,46,0.95,M1,90,108,120
k2020,fixed,equal,46,1,M0,85,73,82
k2020,fixed,equal,46,1,M0,90,83,93
k2020,fixed,equal,46,1,M1,85,71,79
k2020,fixed,equal,46,1,M1,90,81,90
k2020,fixed,equal,50,0.9,M0,85,229,255
k2020,fixed,equal,50,0.9,M0,90,272,303
k2020,fixed,equal,50,0.9,M1,85,224,249
k2020,fixed,equal,50,0.9,M1,90,266,296
k2020,fixed,equal,50,0.95,M0,85,110,123
k2020,fixed,equal,50,0.95,M0,90,129,144
k2020,fixed,equal,50,0.95,M1,85,107,119
k2020,fixed,equal,50,0.95,M1,90,126,140
k2020,fixed,equal,50,1,M0,85,85,95
k2020,fixed,equal,50,1,M0,90,96,107
k2020,fixed,equal,50,1,M1,85,83,93
k2020,fixed,equal,50,1,M1,90,94,105
k2020,fixed,equal,52,0.9,M0,85,246,274
k2020,fixed,equal,52,0.9,M0,90,292,325
k2020,fixed,equal,52,0.9,M1,85,241,268
k2020,fixed,equal,52,0.9,M1,90,286,318
k2020,fixed,equal,52,0.95,M0,85,117,130
k2020,fixed,equal,52,0.95,M0,90,138,154
k2020,fixed,equal,52,0.95,M1,85,115,128
k2020,fixed,equal,52,0.95,M1,90,136,152
k2020,fixed,equal,52,1,M0,85,91,102
k2020,fixed,equal,52,1,M0,90,103,115
k2020,fixed,equal,52,1,M1,85,89,99
k2020,fixed,equal,52,1,M1,90,101,113
k2020,fixed,mechanistic,35,0.9,M0,85,119,133
k2020,fixed,mechanistic,35,0.9,M0,90,140,156
k2020,fixed,mechanistic,35,0.9,M1,85,114,127
k2020,fixed,mechanistic,35,0.9,M1,90,135,150
k2020,fixed,mechanistic,35,0.95,M0,85,60,67
k2020,fixed,mechanistic,35,0.95,M0,90,70,78
k2020,fixed,mechanistic,35,0.95,M1,85,58,65
k2020,fixed,mechanistic,35,0.95,M1,90,68,76
k2020,fixed,mechanistic,35,1,M0,85,48,54
k2020,fixed,mechanistic,35,1,M0,90,54,60
k2020,fixed,mechanistic,35,1,M1,85,47,53
k2020,fixed,mechanistic,35,1,M1,90,53,59
k2020,fixed,mechanistic,40,0.9,M0,85,152,169
k2020,fixed,mechanistic,40,0.9,M0,90,180,200
k2020,fixed,mechanistic,40,0.9,M1,85,146,163
k2020,fixed,mechanistic,40,0.9,M1,90,174,194
k2020,fixed,mechanistic,40,0.95,M0,85,74,83
k2020,fixed,mechanistic,40,0.95,M0,90,86,96
k2020,fixed,mechanistic,40,0.95,M1,85,71,79
k2020,fixed,mechanistic,40,0.95,M1,90,84,94
k2020,fixed,mechanistic,40,1,M0,85,58,65
k2020,fixed,mechanistic,40,1,M0,90,65,73
k2020,fixed,mechanistic,40,1,M1,85,56,63
k2020,fixed,mechanistic,40,1,M1,90,63,70
k2020,fixed,mechanistic,43,0.9,M0,85,174,194
k2020,fixed,mechanistic,43,0.9,M0,90,206,229
k2020,fixed,mechanistic,43,0.9,M1,85,168,187
k2020,fixed,mechanistic,43,0.9,M1,90,200,223
k2020,fixed,mechanistic,43,0.95,M0,85,83,93
k2020,fixed,mechanistic,43,0.95,M0,90,98,109
k2020,fixed,mechanistic,43,0.95,M1,85,81,90
k2020,fixed,mechanistic,43,0.95,M1,90,95,106
k2020,fixed,mechanistic,43,1,M0,85,65,73
k2020,fixed,mechanistic,43,1,M0,90,73,82
k2020,fixed,mechanistic,43,1,M1,85,63,70
k2020,fixed,mechanistic,43,1,M1,90,72,80
k2020,fixed,mechanistic,46,0.9,M0,85,197,219
k2020,fixed,mechanistic,46,0.9,M0,90,233,259
k2020,fixed,mechanistic,46,0.9,M1,85,191,213
k2020,fixed,mechanistic,46,0.9,M1,90,228,254
k2020,fixed,mechanistic,46,0.95,M0,85,94,105
k2020,fixed,mechanistic,46,0.95,M0,90,111,124
k2020,fixed,mechanistic,46,0.95,M1,85,92,103
k2020,fixed,mechanistic,46,0.95,M1,90,108,120
k2020,fixed,mechanistic,46,1,M0,85,73,82
k2020,fixed,mechanistic,46,1,M0,90,83,93
k2020,fixed,mechanistic,46,1,M1,85,71,79
k2020,fixed,mechanistic,46,1,M1,90,81,90
k2020,fixed,mechanistic,50,0.9,M0,85,229,255
k2020,fixed,mechanistic,50,0.9,M0,90,272,303
k2020,fixed,mechanistic,50,0.9,M1,85,224,249
k2020,fixed,mechanistic,50,0.9,M1,90,266,296
k2020,fixed,mechanistic,50,0.95,M0,85,109,122
k2020,fixed,mechanistic,50,0.95,M0,90,129,144
k2020,fixed,mechanistic,50,0.95,M1,85,107,119
k2020,fixed,mechanistic,50,0.95,M1,90,126,140
k2020,fixed,mechanistic,50,1,M0,85,85,95
k2020,fixed,mechanistic,50,1,M0,90,96,107
k2020,fixed,mechanistic,50,1,M1,85,83,93
k2020,fixed,mechanistic,50,1,M1,90,94,105
k2020,fixed,mechanistic,52,0.9,M0,85,246,274
k2020,fixed,mechanistic,52,0.9,M0,90,292,325
k2020,fixed,mechanistic,52,0.9,M1,85,240,267
k2020,fixed,mechanistic,52,0.9,M1,90,286,318
k2020,fixed,mechanistic,52,0.95,M0,85,117,130
k2020,fixed,mechanistic,52,0.95,M0,90,138,154
k2020,fixed,mechanistic,52,0.95,M1,85,115,128
k2020,fixed,mechanistic,52,0.95,M1,90,136,152
k2020,fixed,mechanistic,52,1,M0,85,91,102
k2020,fixed,mechanistic,52,1,M0,90,103,115
k2020,fixed,mechanistic,52,1,M1,85,89,99
k2020,fixed,mechanistic,52,1,M1,90,101,113
k2020,ratio,equal,35,0.9,M0,85,120,134
k2020,ratio,equal,35,0.9,M0,90,141,157
k2020,ratio,equal,35,0.9,M1,85,115,128
k2020,ratio,equal,35,0.9,M1,90,136,152
k2020,ratio,equal,35,0.95,M0,85,57,64
k2020,ratio,equal,35,0.95,M0,90,67,75
k2020,ratio,equal,35,0.95,M1,85,55,62
k2020,ratio,equal,35,0.95,M1,90,64,72
k2020,ratio,equal,35,1,M0,85,44,49
k2020,ratio,equal,35,1,M0,90,50,56
k2020,ratio,equal,35,1,M1,85,42,47
k2020,ratio,equal,35,1,M1,90,48,54
k2020,ratio,equal,40,0.9,M0,85,155,173
k2020,ratio,equal,40,0.9,M0,90,182,203
k2020,ratio,equal,40,0.9,M1,85,150,167
k2020,ratio,equal,40,0.9,M1,90,177,197
k2020,ratio,equal,40,0.95,M0,85,74,83
k2020,ratio,equal,40,0.95,M0,90,86,96
k2020,ratio,equal,40,0.95,M1,85,72,80
k2020,ratio,equal,40,0.95,M1,90,84,94
k2020,ratio,equal,40,1,M0,85,57,64
k2020,ratio,equal,40,1,M0,90,64,72
k2020,ratio,equal,40,1,M1,85,55,62
k2020,ratio,equal,40,1,M1,90,62,69
k2020,ratio,equal,43,0.9,M0,85,177,197
k2020,ratio,equal,43,0.9,M0,90,209,233
k2020,ratio,equal,43,0.9,M1,85,172,192
k2020,ratio,equal,43,0.9,M1,90,203,226
k2020,ratio,equal,43,0.95,M0,85,85,95
k2020,ratio,equal,43,0.95,M0,90,99,110
k2020,ratio,equal,43,0.95,M1,85,82,92
k2020,ratio,equal,43,0.95,M1,90,96,107
k2020,ratio,equal,43,1,M0,85,65,73
k2020,ratio,equal,43,1,M0,90,73,82
k2020,ratio,equal,43,1,M1,85,63,70
k2020,ratio,equal,43,1,M1,90,72,80
k2020,ratio,equal,46,0.9,M0,85,201,224
k2020,ratio,equal,46,0.9,M0,90,237,264
k2020,ratio,equal,46,0.9,M1,85,196,218
k2020,ratio,equal,46,0.9,M1,90,231,257
k2020,ratio,equal,46,0.95,M0,85,96,107
k2020,ratio,equal,46,0.95,M0,90,112,125
k2020,ratio,equal,46,0.95,M1,85,93,104
k2020,ratio,equal,46,0.95,M1,90,110,123
k2020,ratio,equal,46,1,M0,85,74,83
k2020,ratio,equal,46,1,M0,90,83,93
k2020,ratio,equal,46,1,M1,85,72,80
k2020,ratio,equal,46,1,M1,90,81,90
k2020,ratio,equal,50,0.9,M0,85,234,260
k2020,ratio,equal,50,0.9,M0,90,276,307
k2020,ratio,equal,50,0.9,M1,85,229,255
k2020,ratio,equal,50,0.9,M1,90,270,300
k2020,ratio,equal,50,0.95,M0,85,112,125
k2020,ratio,equal,50,0.95,M0,90,131,146
k2020,ratio,equal,50,0.95,M1,85,109,122
k2020,ratio,equal,50,0.95,M1,90,128,143
k2020,ratio,equal,50,1,M0,85,86,96
k2020,ratio,equal,50,1,M0,90,97,108
k2020,ratio,equal,50,1,M1,85,84,94
k2020,ratio,equal,50,1,M1,90,95,106
k2020,ratio,equal,52,0.9,M0,85,251,279
k2020,ratio,equal,52,0.9,M0,90,296,329
k2020,ratio,equal,52,0.9,M1,85,246,274
k2020,ratio,equal,52,0.9,M1,90,290,323
k2020,ratio,equal,52,0.95,M0,85,120,134
k2020,ratio,equal,52,0.95,M0,90,140,156
k2020,ratio,equal,52,0.95,M1,85,117,130
k2020,ratio,equal,52,0.95,M1,90,138,154
k2020,ratio,equal,52,1,M0,85,92,103
k2020,ratio,equal,52,1,M0,90,104,116
k2020,ratio,equal,52,1,M1,85,90,100
k2020,ratio,equal,52,1,M1,90,102,114
k2020,ratio,mechanistic,35,0.9,M0,85,117,130
k2020,ratio,mechanistic,35,0.9,M0,90,139,155
k2020,ratio,mechanistic,35,0.9,M1,85,112,125
k2020,ratio,mechanistic,35,0.9,M1,90,133,148
k2020,ratio,mechanistic,35,0.95,M0,85,57,64
k2020,ratio,mechanistic,35,0.95,M0,90,66,74
k2020,ratio,mechanistic,35,0.95,M1,85,54,60
k2020,ratio,mechanistic,35,0.95,M1,90,64,72
k2020,ratio,mechanistic,35,1,M0,85,44,49
k2020,ratio,mechanistic,35,1,M0,90,50,56
k2020,ratio,mechanistic,35,1,M1,85,42,47
k2020,ratio,mechanistic,35,1,M1,90,48,54
k2020,ratio,mechanistic,40,0.9,M0,85,152,169
k2020,ratio,mechanistic,40,0.9,M0,90,180,200
k2020,ratio,mechanistic,40,0.9,M1,85,146,163
k2020,ratio,mechanistic,40,0.9,M1,90,174,194
k2020,ratio,mechanistic,40,0.95,M0,85,73,82
k2020,ratio,mechanistic,40,0.95,M0,90,86,96
k2020,ratio,mechanistic,40,0.95,M1,85,71,79
k2020,ratio,mechanistic,40,0.95,M1,90,83,93
k2020,ratio,mechanistic,40,1,M0,85,57,64
k2020,ratio,mechanistic,40,1,M0,90,64,72
k2020,ratio,mechanistic,40,1,M1,85,55,62
k2020,ratio,mechanistic,40,1,M1,90,62,69
k2020,ratio,mechanistic,43,0.9,M0,85,174,194
k2020,ratio,mechanistic,43,0.9,M0,90,206,229
k2020,ratio,mechanistic,43,0.9,M1,85,168,187
k2020,ratio,mechanistic,43,0.9,M1,90,200,223
k2020,ratio,mechanistic,43,0.95,M0,85,84,94
k2020,ratio,mechanistic,43,0.95,M0,90,98,109
k2020,ratio,mechanistic,43,0.95,M1,85,81,90
k2020,ratio,mechanistic,43,0.95,M1,90,95,106
k2020,ratio,mechanistic,43,1,M0,85,65,73
k2020,ratio,mechanistic,43,1,M0,90,73,82
k2020,ratio,mechanistic,43,1,M1,85,63,70
k2020,ratio,mechanistic,43,1,M1,90,72,80
k2020,ratio,mechanistic,46,0.9,M0,85,197,219
k2020,ratio,mechanistic,46,0.9,M0,90,233,259
k2020,ratio,mechanistic,46,0.9,M1,85,191,213
k2020,ratio,mechanistic,46,0.9,M1,90,228,254
k2020,ratio,mechanistic,46,0.95,M0,85,95,106
k2020,ratio,mechanistic,46,0.95,M0,90,111,124
k2020,ratio,mechanistic,46,0.95,M1,85,92,103
k2020,ratio,mechanistic,46,0.95,M1,90,108,120
k2020,ratio,mechanistic,46,1,M0,85,74,83
k2020,ratio,mechanistic,46,1,M0,90,83,93
k2020,ratio,mechanistic,46,1,M1,85,72,80
k2020,ratio,mechanistic,46,1,M1,90,81,90
k2020,ratio,mechanistic,50,0.9,M0,85,229,255
k2020,ratio,mechanistic,50,0.9,M0,90,272,303
k2020,ratio,mechanistic,50,0.9,M1,85,224,249
k2020,ratio,mechanistic,50,0.9,M1,90,266,296
k2020,ratio,mechanistic,50,0.95,M0,85,110,123
k2020,ratio,mechanistic,50,0.95,M0,90,129,144
k2020,ratio,mechanistic,50,0.95,M1,85,108,120
k2020,ratio,mechanistic,50,0.95,M1,90,127,142
k2020,ratio,mechanistic,50,1,M0,85,86,96
k2020,ratio,mechanistic,50,1,M0,90,97,108
k2020,ratio,mechanistic,50,1,M1,85,84,94
k2020,ratio,mechanistic,50,1,M1,90,95,106
k2020,ratio,mechanistic,52,0.9,M0,85,246,274
k2020,ratio,mechanistic,52,0.9,M0,90,292,325
k2020,ratio,mechanistic,52,0.9,M1,85,241,268
k2020,ratio,mechanistic,52,0.9,M1,90,286,318
k2020,ratio,mechanistic,52,0.95,M0,85,118,132
k2020,ratio,mechanistic,52,0.95,M0,90,139,155
k2020,ratio,mechanistic,52,0.95,M1,85,116,129
k2020,ratio,mechanistic,52,0.95,M1,90,136,152
k2020,ratio,mechanistic,52,1,M0,85,92,103
k2020,ratio,mechanistic,52,1,M0,90,104,116
k2020,ratio,mechanistic,52,1,M1,85,90,100
k2020,ratio,mechanistic,52,1,M1,90,102,114
